insert into pub_page_templet(pk_page_templet,appcode,clazz,code,creationtime,creator,dr,headcode,isdefault,metaid,modifiedtime,modifier,name,pagecode,parentid,pk_group,pk_org,resid,resmodule,templetdesc,ts)
values('0001ZZZZ0cf7939b8f4a','91H10101','nc.vo.development.test02.AggMainEntity','91H10101_LIST',null,'~',0,'list_head','Y',null,null,'~','主子表列表','91H10101_LIST','root',null,null,null,null,'主子表列表页面','2020-11-10 09:14:04');
go

insert into pub_page_templet(pk_page_templet,appcode,clazz,code,creationtime,creator,dr,headcode,isdefault,metaid,modifiedtime,modifier,name,pagecode,parentid,pk_group,pk_org,resid,resmodule,templetdesc,ts)
values('0001ZZZZ9f8b6bcb1637','91H10101','nc.vo.development.test02.AggMainEntity','91H10101_CARD',null,'~',0,'card_head','N',null,null,'~','主子表卡片','91H10101_CARD','root',null,null,null,null,'主子表卡片页面','2020-11-10 09:14:04');
go

insert into pub_page_templet(pk_page_templet,appcode,clazz,code,creationtime,creator,dr,headcode,isdefault,metaid,modifiedtime,modifier,name,pagecode,parentid,pk_group,pk_org,resid,resmodule,templetdesc,ts)
values('0001ZZZZ46a3e4a8aad8','91H10101','nc.vo.development.test02.AggMainEntity','91H10101L_CARD',null,'~',0,'card_head','N',null,null,'~','主子表联查卡片','91H10101L_CARD','root',null,null,null,null,'主子表联查卡片页面','2020-11-10 09:14:04');
go

insert into pub_page_templet(pk_page_templet,appcode,clazz,code,creationtime,creator,dr,headcode,isdefault,metaid,modifiedtime,modifier,name,pagecode,parentid,pk_group,pk_org,resid,resmodule,templetdesc,ts)
values('0001ZZZZcaa594931428','91H10101A','nc.vo.development.test02.AggMainEntity','91H10101A_CARD',null,'~',0,'card_head','N',null,null,'~','主子表审批卡片','91H10101A_CARD','root',null,null,null,null,'主子表审批卡片页面','2020-11-10 09:14:04');
go







insert into pub_area(pk_area,areadesc,areastatus,areatype,clazz,code,creationtime,creator,dr,isunfold,metaid,metaname,metaspace,modifiedtime,modifier,name,pagination,position,relationcode,resid,templetid,ts)
values('0001ZZZZe9b429d7ad5e',null,'browse',0,'nc.vo.development.test02.MainEntity','list_query',null,'~',0,null,'1071b7b2-fb67-4a3c-922a-7fcb4b23ab26','主表',null,null,'~','查询区',null,2,null,'','0001ZZZZ0cf7939b8f4a','2020-11-10 09:14:04');
go
insert into pub_area(pk_area,areadesc,areastatus,areatype,clazz,code,creationtime,creator,dr,isunfold,metaid,metaname,metaspace,modifiedtime,modifier,name,pagination,position,relationcode,resid,templetid,ts)
values('0001ZZZZ6776b182de46',null,'browse',2,'nc.vo.development.test02.MainEntity','list_head',null,'~',0,null,'1071b7b2-fb67-4a3c-922a-7fcb4b23ab26','主表',null,null,'~','表头',null,1,null,'','0001ZZZZ0cf7939b8f4a','2020-11-10 09:14:04');
go




insert into pub_area(pk_area,areadesc,areastatus,areatype,clazz,code,creationtime,creator,dr,isunfold,metaid,metaname,metaspace,modifiedtime,modifier,name,pagination,position,relationcode,resid,templetid,ts)
values('0001ZZZZd055e718b8b6',null,'browse',1,'nc.vo.development.test02.MainEntity','card_head',null,'~',0,null,'1071b7b2-fb67-4a3c-922a-7fcb4b23ab26','主表','development.test02',null,'~','主表',null,1,null,null,'0001ZZZZ9f8b6bcb1637','2020-11-10 09:14:04');
go
insert into pub_area(pk_area,areadesc,areastatus,areatype,clazz,code,creationtime,creator,dr,isunfold,metaid,metaname,metaspace,modifiedtime,modifier,name,pagination,position,relationcode,resid,templetid,ts)
values('0001ZZZZ10d7bf69ce70',null,'browse',1,'nc.vo.development.test02.MainEntity','card_operate',null,'~',0,null,'1071b7b2-fb67-4a3c-922a-7fcb4b23ab26','主表','development.test02',null,'~','操作信息',null,2,'card_head',null,'0001ZZZZ9f8b6bcb1637','2020-11-10 09:14:04');
go
insert into pub_area(pk_area,areadesc,areastatus,areatype,clazz,code,creationtime,creator,dr,isunfold,metaid,metaname,metaspace,modifiedtime,modifier,name,pagination,position,relationcode,resid,templetid,ts)
values('0001ZZZZ62b2769e07af',null,'browse',2,'nc.vo.development.test02.SubEntity','card_body',null,'~',0,null,'1071b7b2-fb67-4a3c-922a-7fcb4b23ab26','主表','development.test02',null,'~','子表',null,3,null,null,'0001ZZZZ9f8b6bcb1637','2020-11-10 09:14:04');
go
insert into pub_area(pk_area,areadesc,areastatus,areatype,clazz,code,creationtime,creator,dr,isunfold,metaid,metaname,metaspace,modifiedtime,modifier,name,pagination,position,relationcode,resid,templetid,ts)
values('0001ZZZZ7c5c1c272df3',null,'edit',1,'nc.vo.development.test02.SubEntity','card_body_edit',null,'~',0,null,'1071b7b2-fb67-4a3c-922a-7fcb4b23ab26','主表','development.test02',null,'~','子表',null,4,'card_body',null,'0001ZZZZ9f8b6bcb1637','2020-11-10 09:14:04');
go
insert into pub_area(pk_area,areadesc,areastatus,areatype,clazz,code,creationtime,creator,dr,isunfold,metaid,metaname,metaspace,modifiedtime,modifier,name,pagination,position,relationcode,resid,templetid,ts)
values('0001ZZZZe4a09f1b3423',null,'browse',1,'nc.vo.development.test02.SubEntity','card_body_browse',null,'~',0,null,'1071b7b2-fb67-4a3c-922a-7fcb4b23ab26','主表','development.test02',null,'~','子表',null,5,'card_body',null,'0001ZZZZ9f8b6bcb1637','2020-11-10 09:14:04');
go


insert into pub_area(pk_area,areadesc,areastatus,areatype,clazz,code,creationtime,creator,dr,isunfold,metaid,metaname,metaspace,modifiedtime,modifier,name,pagination,position,relationcode,resid,templetid,ts)
values('0001ZZZZ0c0f476c7a82',null,'browse',1,'nc.vo.development.test02.MainEntity','card_head',null,'~',0,null,'1071b7b2-fb67-4a3c-922a-7fcb4b23ab26','主表','development.test02',null,'~','主表',null,1,null,null,'0001ZZZZ46a3e4a8aad8','2020-11-10 09:14:04');
go
insert into pub_area(pk_area,areadesc,areastatus,areatype,clazz,code,creationtime,creator,dr,isunfold,metaid,metaname,metaspace,modifiedtime,modifier,name,pagination,position,relationcode,resid,templetid,ts)
values('0001ZZZZ84368a3985ec',null,'browse',1,'nc.vo.development.test02.MainEntity','card_operate',null,'~',0,null,'1071b7b2-fb67-4a3c-922a-7fcb4b23ab26','主表','development.test02',null,'~','操作信息',null,2,'card_head',null,'0001ZZZZ46a3e4a8aad8','2020-11-10 09:14:04');
go
insert into pub_area(pk_area,areadesc,areastatus,areatype,clazz,code,creationtime,creator,dr,isunfold,metaid,metaname,metaspace,modifiedtime,modifier,name,pagination,position,relationcode,resid,templetid,ts)
values('0001ZZZZ33b7ba67d345',null,'browse',2,'nc.vo.development.test02.SubEntity','card_body',null,'~',0,null,'1071b7b2-fb67-4a3c-922a-7fcb4b23ab26','主表','development.test02',null,'~','子表',null,3,null,null,'0001ZZZZ46a3e4a8aad8','2020-11-10 09:14:04');
go
insert into pub_area(pk_area,areadesc,areastatus,areatype,clazz,code,creationtime,creator,dr,isunfold,metaid,metaname,metaspace,modifiedtime,modifier,name,pagination,position,relationcode,resid,templetid,ts)
values('0001ZZZZ3a992ed2c0da',null,'edit',1,'nc.vo.development.test02.SubEntity','card_body_edit',null,'~',0,null,'1071b7b2-fb67-4a3c-922a-7fcb4b23ab26','主表','development.test02',null,'~','子表',null,4,'card_body',null,'0001ZZZZ46a3e4a8aad8','2020-11-10 09:14:04');
go
insert into pub_area(pk_area,areadesc,areastatus,areatype,clazz,code,creationtime,creator,dr,isunfold,metaid,metaname,metaspace,modifiedtime,modifier,name,pagination,position,relationcode,resid,templetid,ts)
values('0001ZZZZbfeb427c6699',null,'browse',1,'nc.vo.development.test02.SubEntity','card_body_browse',null,'~',0,null,'1071b7b2-fb67-4a3c-922a-7fcb4b23ab26','主表','development.test02',null,'~','子表',null,5,'card_body',null,'0001ZZZZ46a3e4a8aad8','2020-11-10 09:14:04');
go

insert into pub_area(pk_area,areadesc,areastatus,areatype,clazz,code,creationtime,creator,dr,isunfold,metaid,metaname,metaspace,modifiedtime,modifier,name,pagination,position,relationcode,resid,templetid,ts)
values('0001ZZZZ2eba3105478d',null,'browse',1,'nc.vo.development.test02.MainEntity','card_head',null,'~',0,null,'1071b7b2-fb67-4a3c-922a-7fcb4b23ab26','主表','development.test02',null,'~','主表',null,1,null,null,'0001ZZZZcaa594931428','2020-11-10 09:14:04');
go
insert into pub_area(pk_area,areadesc,areastatus,areatype,clazz,code,creationtime,creator,dr,isunfold,metaid,metaname,metaspace,modifiedtime,modifier,name,pagination,position,relationcode,resid,templetid,ts)
values('0001ZZZZb9b3bd29de85',null,'browse',1,'nc.vo.development.test02.MainEntity','card_operate',null,'~',0,null,'1071b7b2-fb67-4a3c-922a-7fcb4b23ab26','主表','development.test02',null,'~','操作信息',null,2,'card_head',null,'0001ZZZZcaa594931428','2020-11-10 09:14:04');
go
insert into pub_area(pk_area,areadesc,areastatus,areatype,clazz,code,creationtime,creator,dr,isunfold,metaid,metaname,metaspace,modifiedtime,modifier,name,pagination,position,relationcode,resid,templetid,ts)
values('0001ZZZZ53b20309f8ce',null,'browse',2,'nc.vo.development.test02.SubEntity','card_body',null,'~',0,null,'1071b7b2-fb67-4a3c-922a-7fcb4b23ab26','主表','development.test02',null,'~','子表',null,3,null,null,'0001ZZZZcaa594931428','2020-11-10 09:14:04');
go
insert into pub_area(pk_area,areadesc,areastatus,areatype,clazz,code,creationtime,creator,dr,isunfold,metaid,metaname,metaspace,modifiedtime,modifier,name,pagination,position,relationcode,resid,templetid,ts)
values('0001ZZZZ0a393a4e641b',null,'edit',1,'nc.vo.development.test02.SubEntity','card_body_edit',null,'~',0,null,'1071b7b2-fb67-4a3c-922a-7fcb4b23ab26','主表','development.test02',null,'~','子表',null,4,'card_body',null,'0001ZZZZcaa594931428','2020-11-10 09:14:04');
go
insert into pub_area(pk_area,areadesc,areastatus,areatype,clazz,code,creationtime,creator,dr,isunfold,metaid,metaname,metaspace,modifiedtime,modifier,name,pagination,position,relationcode,resid,templetid,ts)
values('0001ZZZZ48eb36831871',null,'browse',1,'nc.vo.development.test02.SubEntity','card_body_browse',null,'~',0,null,'1071b7b2-fb67-4a3c-922a-7fcb4b23ab26','主表','development.test02',null,'~','子表',null,5,'card_body',null,'0001ZZZZcaa594931428','2020-11-10 09:14:04');
go




            insert into pub_query_property(pk_query_property,areaid,classid,code,containlower,creationtime,creator,datatype,dataval,defaultvalue,define1,define2,define3,define4,define5,disabled,dr,isbeyondorg,ischeck,isdefined,isfixedcondition,ismultiselectedenabled,isnotmeta,isquerycondition,isuse,itemtype,label,maxlength,metadataproperty,metapath,opersign,opersignname,position,proid,querytablename,refcode,refname,required,resid,returntype,showtype,tablecode,ts,usefunc,visible,visibleposition,width)
            values('0001ZZZZ589c9a479510','0001ZZZZe9b429d7ad5e','1071b7b2-fb67-4a3c-922a-7fcb4b23ab26','id',null,null,'~',1,'','','','','','','','N',0,'N','N','N','N','N','N','Y','Y','input','id',20,NULL,'id','=@','等于@',27,'797b5df0-ab26-444b-81d2-dc1be01cf2b5','','/common-ref/','-99','N','','refpk',1,'','2020-11-10 09:14:04','N','Y',null,1);
            go
            insert into pub_query_property(pk_query_property,areaid,classid,code,containlower,creationtime,creator,datatype,dataval,defaultvalue,define1,define2,define3,define4,define5,disabled,dr,isbeyondorg,ischeck,isdefined,isfixedcondition,ismultiselectedenabled,isnotmeta,isquerycondition,isuse,itemtype,label,maxlength,metadataproperty,metapath,opersign,opersignname,position,proid,querytablename,refcode,refname,required,resid,returntype,showtype,tablecode,ts,usefunc,visible,visibleposition,width)
            values('0001ZZZZ18765672846e','0001ZZZZe9b429d7ad5e','1071b7b2-fb67-4a3c-922a-7fcb4b23ab26','name',null,null,'~',1,'','','','','','','','N',0,'N','N','N','N','N','N','Y','Y','input','name',50,NULL,'name','=@','等于@',28,'c6f9d2c0-c115-4f23-bcf1-e18e72094964','','/common-ref/','-99','N','','refpk',1,'','2020-11-10 09:14:04','N','Y',null,1);
            go
            insert into pub_query_property(pk_query_property,areaid,classid,code,containlower,creationtime,creator,datatype,dataval,defaultvalue,define1,define2,define3,define4,define5,disabled,dr,isbeyondorg,ischeck,isdefined,isfixedcondition,ismultiselectedenabled,isnotmeta,isquerycondition,isuse,itemtype,label,maxlength,metadataproperty,metapath,opersign,opersignname,position,proid,querytablename,refcode,refname,required,resid,returntype,showtype,tablecode,ts,usefunc,visible,visibleposition,width)
            values('0001ZZZZ7b4cef039614','0001ZZZZe9b429d7ad5e','1071b7b2-fb67-4a3c-922a-7fcb4b23ab26','busitype',null,null,'~',204,'','','','','','','','N',0,'N','N','N','N','N','N','Y','Y','refer','业务类型',20,'uap.BusitypeVO.businame','busitype','=@','等于@',14,'2e525c1c-900d-407a-bbc8-81a58409737f','','uap/refer/riart/busitype/index','业务流程','N','','refpk',1,'','2020-11-10 09:14:04','N','Y',null,1);
            go
            insert into pub_query_property(pk_query_property,areaid,classid,code,containlower,creationtime,creator,datatype,dataval,defaultvalue,define1,define2,define3,define4,define5,disabled,dr,isbeyondorg,ischeck,isdefined,isfixedcondition,ismultiselectedenabled,isnotmeta,isquerycondition,isuse,itemtype,label,maxlength,metadataproperty,metapath,opersign,opersignname,position,proid,querytablename,refcode,refname,required,resid,returntype,showtype,tablecode,ts,usefunc,visible,visibleposition,width)
            values('0001ZZZZb76655aab15a','0001ZZZZe9b429d7ad5e','1071b7b2-fb67-4a3c-922a-7fcb4b23ab26','pk_m',null,null,'~',1,'','','','','','','','N',0,'N','N','N','N','N','Y','Y','Y','input','主键',20,NULL,'pk_m','=@','等于@',1,'8a079995-795d-43cc-8ccf-385ed4225e99','','/common-ref/','-99','N','','refpk',1,'','2020-11-10 09:14:04','N','N',null,1);
            go
            insert into pub_query_property(pk_query_property,areaid,classid,code,containlower,creationtime,creator,datatype,dataval,defaultvalue,define1,define2,define3,define4,define5,disabled,dr,isbeyondorg,ischeck,isdefined,isfixedcondition,ismultiselectedenabled,isnotmeta,isquerycondition,isuse,itemtype,label,maxlength,metadataproperty,metapath,opersign,opersignname,position,proid,querytablename,refcode,refname,required,resid,returntype,showtype,tablecode,ts,usefunc,visible,visibleposition,width)
            values('0001ZZZZabfcb567ce38','0001ZZZZe9b429d7ad5e','1071b7b2-fb67-4a3c-922a-7fcb4b23ab26','transtype',null,null,'~',204,'','','','','','','','N',0,'N','N','N','N','N','N','Y','Y','refer','交易类型',20,'riart.transtype.billtypename','transtype','=@','等于@',20,'22641241-f1de-4e1d-abd4-bab50ce39c3d','','/common-ref/','交易类型','N','','refpk',1,'','2020-11-10 09:14:04','N','Y',null,1);
            go
            insert into pub_query_property(pk_query_property,areaid,classid,code,containlower,creationtime,creator,datatype,dataval,defaultvalue,define1,define2,define3,define4,define5,disabled,dr,isbeyondorg,ischeck,isdefined,isfixedcondition,ismultiselectedenabled,isnotmeta,isquerycondition,isuse,itemtype,label,maxlength,metadataproperty,metapath,opersign,opersignname,position,proid,querytablename,refcode,refname,required,resid,returntype,showtype,tablecode,ts,usefunc,visible,visibleposition,width)
            values('0001ZZZZ71a144979fea','0001ZZZZe9b429d7ad5e','1071b7b2-fb67-4a3c-922a-7fcb4b23ab26','transtypepk',null,null,'~',1,'','','','','','','','N',0,'N','N','N','N','N','Y','Y','Y','input','交易类型pk',20,NULL,'transtypepk','=@','等于@',22,'c64fb48b-ecf9-4f18-88e6-05cd0203c47c','','/common-ref/','-99','N','','refpk',1,'','2020-11-10 09:14:04','N','Y',null,1);
            go
            insert into pub_query_property(pk_query_property,areaid,classid,code,containlower,creationtime,creator,datatype,dataval,defaultvalue,define1,define2,define3,define4,define5,disabled,dr,isbeyondorg,ischeck,isdefined,isfixedcondition,ismultiselectedenabled,isnotmeta,isquerycondition,isuse,itemtype,label,maxlength,metadataproperty,metapath,opersign,opersignname,position,proid,querytablename,refcode,refname,required,resid,returntype,showtype,tablecode,ts,usefunc,visible,visibleposition,width)
            values('0001ZZZZ583217546d5e','0001ZZZZe9b429d7ad5e','1071b7b2-fb67-4a3c-922a-7fcb4b23ab26','modifier',null,null,'~',204,'','','','','','','','N',0,'N','N','N','N','N','N','Y','Y','refer','修改人',20,'uap.user.user_name','modifier','=@','等于@',9,'1f7d977c-62de-4825-b723-11ad2338ba56','','uap/refer/riart/userDefaultRefer/index','用户','N','','refpk',1,'','2020-11-10 09:14:04','N','Y',null,1);
            go
            insert into pub_query_property(pk_query_property,areaid,classid,code,containlower,creationtime,creator,datatype,dataval,defaultvalue,define1,define2,define3,define4,define5,disabled,dr,isbeyondorg,ischeck,isdefined,isfixedcondition,ismultiselectedenabled,isnotmeta,isquerycondition,isuse,itemtype,label,maxlength,metadataproperty,metapath,opersign,opersignname,position,proid,querytablename,refcode,refname,required,resid,returntype,showtype,tablecode,ts,usefunc,visible,visibleposition,width)
            values('0001ZZZZ3b3c4d971a4f','0001ZZZZe9b429d7ad5e','1071b7b2-fb67-4a3c-922a-7fcb4b23ab26','modifiedtime',null,null,'~',34,'','','','','','','','N',0,'N','N','N','N','N','N','Y','Y','datetimepicker','修改时间',19,NULL,'modifiedtime','=@','等于@',10,'225b59b8-212e-43a9-983a-cac4b7fb6251','','/common-ref/','-99','N','','refpk',1,'','2020-11-10 09:14:04','N','Y',null,1);
            go
            insert into pub_query_property(pk_query_property,areaid,classid,code,containlower,creationtime,creator,datatype,dataval,defaultvalue,define1,define2,define3,define4,define5,disabled,dr,isbeyondorg,ischeck,isdefined,isfixedcondition,ismultiselectedenabled,isnotmeta,isquerycondition,isuse,itemtype,label,maxlength,metadataproperty,metapath,opersign,opersignname,position,proid,querytablename,refcode,refname,required,resid,returntype,showtype,tablecode,ts,usefunc,visible,visibleposition,width)
            values('0001ZZZZd7a0a6333933','0001ZZZZe9b429d7ad5e','1071b7b2-fb67-4a3c-922a-7fcb4b23ab26','emendenum',null,null,'~',4,'','','','','','','','N',0,'N','N','N','N','N','N','Y','Y','number','修订枚举',50,NULL,'emendenum','=@','等于@',25,'28a2e021-58aa-417d-aeb9-9209b1023d49','','/common-ref/','-99','N','','refpk',1,'','2020-11-10 09:14:04','N','Y',null,1);
            go
            insert into pub_query_property(pk_query_property,areaid,classid,code,containlower,creationtime,creator,datatype,dataval,defaultvalue,define1,define2,define3,define4,define5,disabled,dr,isbeyondorg,ischeck,isdefined,isfixedcondition,ismultiselectedenabled,isnotmeta,isquerycondition,isuse,itemtype,label,maxlength,metadataproperty,metapath,opersign,opersignname,position,proid,querytablename,refcode,refname,required,resid,returntype,showtype,tablecode,ts,usefunc,visible,visibleposition,width)
            values('0001ZZZZ20ed00c16571','0001ZZZZe9b429d7ad5e','1071b7b2-fb67-4a3c-922a-7fcb4b23ab26','creator',null,null,'~',204,'','','','','','','','N',0,'N','N','N','N','N','N','Y','Y','refer','创建人',20,'uap.user.user_name','creator','=@','等于@',7,'1bdb62ac-f984-432c-add6-913cd87c33bc','','uap/refer/riart/userDefaultRefer/index','用户','N','','refpk',1,'','2020-11-10 09:14:04','N','Y',null,1);
            go
            insert into pub_query_property(pk_query_property,areaid,classid,code,containlower,creationtime,creator,datatype,dataval,defaultvalue,define1,define2,define3,define4,define5,disabled,dr,isbeyondorg,ischeck,isdefined,isfixedcondition,ismultiselectedenabled,isnotmeta,isquerycondition,isuse,itemtype,label,maxlength,metadataproperty,metapath,opersign,opersignname,position,proid,querytablename,refcode,refname,required,resid,returntype,showtype,tablecode,ts,usefunc,visible,visibleposition,width)
            values('0001ZZZZb56876d6aa13','0001ZZZZe9b429d7ad5e','1071b7b2-fb67-4a3c-922a-7fcb4b23ab26','creationtime',null,null,'~',34,'','','','','','','','N',0,'N','N','N','N','N','N','Y','Y','datetimepicker','创建时间',19,NULL,'creationtime','=@','等于@',8,'00c4d2d5-96e6-4ba5-a710-a50a947c18ad','','/common-ref/','-99','N','','refpk',1,'','2020-11-10 09:14:04','N','Y',null,1);
            go
            insert into pub_query_property(pk_query_property,areaid,classid,code,containlower,creationtime,creator,datatype,dataval,defaultvalue,define1,define2,define3,define4,define5,disabled,dr,isbeyondorg,ischeck,isdefined,isfixedcondition,ismultiselectedenabled,isnotmeta,isquerycondition,isuse,itemtype,label,maxlength,metadataproperty,metapath,opersign,opersignname,position,proid,querytablename,refcode,refname,required,resid,returntype,showtype,tablecode,ts,usefunc,visible,visibleposition,width)
            values('0001ZZZZb446d6049065','0001ZZZZe9b429d7ad5e','1071b7b2-fb67-4a3c-922a-7fcb4b23ab26','billmaker',null,null,'~',1,'','','','','','','','N',0,'N','N','N','N','N','N','Y','Y','input','制单人',50,NULL,'billmaker','=@','等于@',15,'e31b67b9-56b8-4dc4-b4fd-c85e331f0770','','/common-ref/','-99','N','','refpk',1,'','2020-11-10 09:14:04','N','Y',null,1);
            go
            insert into pub_query_property(pk_query_property,areaid,classid,code,containlower,creationtime,creator,datatype,dataval,defaultvalue,define1,define2,define3,define4,define5,disabled,dr,isbeyondorg,ischeck,isdefined,isfixedcondition,ismultiselectedenabled,isnotmeta,isquerycondition,isuse,itemtype,label,maxlength,metadataproperty,metapath,opersign,opersignname,position,proid,querytablename,refcode,refname,required,resid,returntype,showtype,tablecode,ts,usefunc,visible,visibleposition,width)
            values('0001ZZZZae398b17cde9','0001ZZZZe9b429d7ad5e','1071b7b2-fb67-4a3c-922a-7fcb4b23ab26','maketime',null,null,'~',34,'','','','','','','','N',0,'N','N','N','N','N','Y','Y','Y','datetimepicker','制单时间',19,NULL,'maketime','=@','等于@',29,'f48e9c32-f6b0-4868-ac20-2eebe8d87d93','','/common-ref/','-99','N','','refpk',1,'','2020-11-10 09:14:04','N','Y',null,1);
            go
            insert into pub_query_property(pk_query_property,areaid,classid,code,containlower,creationtime,creator,datatype,dataval,defaultvalue,define1,define2,define3,define4,define5,disabled,dr,isbeyondorg,ischeck,isdefined,isfixedcondition,ismultiselectedenabled,isnotmeta,isquerycondition,isuse,itemtype,label,maxlength,metadataproperty,metapath,opersign,opersignname,position,proid,querytablename,refcode,refname,required,resid,returntype,showtype,tablecode,ts,usefunc,visible,visibleposition,width)
            values('0001ZZZZcf68b3352514','0001ZZZZe9b429d7ad5e','1071b7b2-fb67-4a3c-922a-7fcb4b23ab26','billid',null,null,'~',1,'','','','','','','','N',0,'N','N','N','N','N','N','Y','Y','input','单据ID',50,NULL,'billid','=@','等于@',11,'d82abde3-96e5-4d96-bec2-57c226841850','','/common-ref/','-99','N','','refpk',1,'','2020-11-10 09:14:04','N','Y',null,1);
            go
            insert into pub_query_property(pk_query_property,areaid,classid,code,containlower,creationtime,creator,datatype,dataval,defaultvalue,define1,define2,define3,define4,define5,disabled,dr,isbeyondorg,ischeck,isdefined,isfixedcondition,ismultiselectedenabled,isnotmeta,isquerycondition,isuse,itemtype,label,maxlength,metadataproperty,metapath,opersign,opersignname,position,proid,querytablename,refcode,refname,required,resid,returntype,showtype,tablecode,ts,usefunc,visible,visibleposition,width)
            values('0001ZZZZa9d67268df71','0001ZZZZe9b429d7ad5e','1071b7b2-fb67-4a3c-922a-7fcb4b23ab26','billversionpk',null,null,'~',1,'','','','','','','','N',0,'N','N','N','N','N','N','Y','Y','input','单据版本pk',50,NULL,'billversionpk','=@','等于@',26,'2330fade-252d-468d-b919-8d437d212929','','/common-ref/','-99','N','','refpk',1,'','2020-11-10 09:14:04','N','Y',null,1);
            go
            insert into pub_query_property(pk_query_property,areaid,classid,code,containlower,creationtime,creator,datatype,dataval,defaultvalue,define1,define2,define3,define4,define5,disabled,dr,isbeyondorg,ischeck,isdefined,isfixedcondition,ismultiselectedenabled,isnotmeta,isquerycondition,isuse,itemtype,label,maxlength,metadataproperty,metapath,opersign,opersignname,position,proid,querytablename,refcode,refname,required,resid,returntype,showtype,tablecode,ts,usefunc,visible,visibleposition,width)
            values('0001ZZZZ7d0be9e239d0','0001ZZZZe9b429d7ad5e','1071b7b2-fb67-4a3c-922a-7fcb4b23ab26','billtype',null,null,'~',204,'','','','','','','','N',0,'N','N','N','N','N','N','Y','Y','refer','单据类型',20,'uap.BilltypeVO.billtypename','billtype','=@','等于@',21,'546caea6-bca8-4554-a323-4fb0064c134e','','uap/refer/riart/billtype/index','影响因素单据类型','N','','refpk',1,'','2020-11-10 09:14:04','N','Y',null,1);
            go
            insert into pub_query_property(pk_query_property,areaid,classid,code,containlower,creationtime,creator,datatype,dataval,defaultvalue,define1,define2,define3,define4,define5,disabled,dr,isbeyondorg,ischeck,isdefined,isfixedcondition,ismultiselectedenabled,isnotmeta,isquerycondition,isuse,itemtype,label,maxlength,metadataproperty,metapath,opersign,opersignname,position,proid,querytablename,refcode,refname,required,resid,returntype,showtype,tablecode,ts,usefunc,visible,visibleposition,width)
            values('0001ZZZZ9e4b393b6869','0001ZZZZe9b429d7ad5e','1071b7b2-fb67-4a3c-922a-7fcb4b23ab26','approver',null,null,'~',1,'','','','','','','','N',0,'N','N','N','N','N','N','Y','Y','input','审批人',50,NULL,'approver','=@','等于@',16,'0371f57c-cc05-4cb6-acc5-d08853ec04d8','','/common-ref/','-99','N','','refpk',1,'','2020-11-10 09:14:04','N','Y',null,1);
            go
            insert into pub_query_property(pk_query_property,areaid,classid,code,containlower,creationtime,creator,datatype,dataval,defaultvalue,define1,define2,define3,define4,define5,disabled,dr,isbeyondorg,ischeck,isdefined,isfixedcondition,ismultiselectedenabled,isnotmeta,isquerycondition,isuse,itemtype,label,maxlength,metadataproperty,metapath,opersign,opersignname,position,proid,querytablename,refcode,refname,required,resid,returntype,showtype,tablecode,ts,usefunc,visible,visibleposition,width)
            values('0001ZZZZ47f6a9660494','0001ZZZZe9b429d7ad5e','1071b7b2-fb67-4a3c-922a-7fcb4b23ab26','approvenote',null,null,'~',1,'','','','','','','','N',0,'N','N','N','N','N','N','Y','Y','input','审批批语',50,NULL,'approvenote','=@','等于@',18,'f22f9512-5936-444d-91e2-8e02c335485e','','/common-ref/','-99','N','','refpk',1,'','2020-11-10 09:14:04','N','Y',null,1);
            go
            insert into pub_query_property(pk_query_property,areaid,classid,code,containlower,creationtime,creator,datatype,dataval,defaultvalue,define1,define2,define3,define4,define5,disabled,dr,isbeyondorg,ischeck,isdefined,isfixedcondition,ismultiselectedenabled,isnotmeta,isquerycondition,isuse,itemtype,label,maxlength,metadataproperty,metapath,opersign,opersignname,position,proid,querytablename,refcode,refname,required,resid,returntype,showtype,tablecode,ts,usefunc,visible,visibleposition,width)
            values('0001ZZZZafb9788a3aa5','0001ZZZZe9b429d7ad5e','1071b7b2-fb67-4a3c-922a-7fcb4b23ab26','approvedate',null,null,'~',34,'','','','','','','','N',0,'N','N','N','N','N','N','Y','Y','datetimepicker','审批时间',19,NULL,'approvedate','=@','等于@',19,'83816d5c-7b85-4d51-9d19-e1ae22501bbf','','/common-ref/','-99','N','','refpk',1,'','2020-11-10 09:14:04','N','Y',null,1);
            go
            insert into pub_query_property(pk_query_property,areaid,classid,code,containlower,creationtime,creator,datatype,dataval,defaultvalue,define1,define2,define3,define4,define5,disabled,dr,isbeyondorg,ischeck,isdefined,isfixedcondition,ismultiselectedenabled,isnotmeta,isquerycondition,isuse,itemtype,label,maxlength,metadataproperty,metapath,opersign,opersignname,position,proid,querytablename,refcode,refname,required,resid,returntype,showtype,tablecode,ts,usefunc,visible,visibleposition,width)
            values('0001ZZZZ08a23ca1cd5e','0001ZZZZe9b429d7ad5e','1071b7b2-fb67-4a3c-922a-7fcb4b23ab26','approvestatus',null,null,'~',203,'自由=-1,审批未通过=0,审批通过=1,审批进行中=2,提交=3','','','','','','','N',0,'N','N','N','N','N','N','Y','Y','select','审批状态',50,NULL,'approvestatus','=@','等于@',17,'5059c002-e985-414f-8ebd-2e213d499407','','/common-ref/','-99','N','','refpk',1,'','2020-11-10 09:14:04','N','Y',null,1);
            go
            insert into pub_query_property(pk_query_property,areaid,classid,code,containlower,creationtime,creator,datatype,dataval,defaultvalue,define1,define2,define3,define4,define5,disabled,dr,isbeyondorg,ischeck,isdefined,isfixedcondition,ismultiselectedenabled,isnotmeta,isquerycondition,isuse,itemtype,label,maxlength,metadataproperty,metapath,opersign,opersignname,position,proid,querytablename,refcode,refname,required,resid,returntype,showtype,tablecode,ts,usefunc,visible,visibleposition,width)
            values('0001ZZZZ83b77672331b','0001ZZZZe9b429d7ad5e','1071b7b2-fb67-4a3c-922a-7fcb4b23ab26','pkorg',null,null,'~',1,'','','','','','','','N',0,'N','N','N','N','N','N','Y','Y','input','所属组织',50,NULL,'pkorg','=@','等于@',13,'3f512fea-ce01-421f-ae0a-ce0cf9b62c32','','/common-ref/','-99','N','','refpk',1,'','2020-11-10 09:14:04','N','Y',null,1);
            go
            insert into pub_query_property(pk_query_property,areaid,classid,code,containlower,creationtime,creator,datatype,dataval,defaultvalue,define1,define2,define3,define4,define5,disabled,dr,isbeyondorg,ischeck,isdefined,isfixedcondition,ismultiselectedenabled,isnotmeta,isquerycondition,isuse,itemtype,label,maxlength,metadataproperty,metapath,opersign,opersignname,position,proid,querytablename,refcode,refname,required,resid,returntype,showtype,tablecode,ts,usefunc,visible,visibleposition,width)
            values('0001ZZZZ85d9bc91be3b','0001ZZZZe9b429d7ad5e','1071b7b2-fb67-4a3c-922a-7fcb4b23ab26','lastmaketime',null,null,'~',34,'','','','','','','','N',0,'N','N','N','N','N','N','Y','Y','datetimepicker','最后修改时间',19,NULL,'lastmaketime','=@','等于@',30,'3f8763e1-05cc-4f31-980f-cc66519ba776','','/common-ref/','-99','N','','refpk',1,'','2020-11-10 09:14:04','N','Y',null,1);
            go
            insert into pub_query_property(pk_query_property,areaid,classid,code,containlower,creationtime,creator,datatype,dataval,defaultvalue,define1,define2,define3,define4,define5,disabled,dr,isbeyondorg,ischeck,isdefined,isfixedcondition,ismultiselectedenabled,isnotmeta,isquerycondition,isuse,itemtype,label,maxlength,metadataproperty,metapath,opersign,opersignname,position,proid,querytablename,refcode,refname,required,resid,returntype,showtype,tablecode,ts,usefunc,visible,visibleposition,width)
            values('0001ZZZZ0d660090aaee','0001ZZZZe9b429d7ad5e','1071b7b2-fb67-4a3c-922a-7fcb4b23ab26','srcbillid',null,null,'~',1,'','','','','','','','N',0,'N','N','N','N','N','N','Y','Y','input','来源单据id',50,NULL,'srcbillid','=@','等于@',24,'ae79ed2d-c73a-49ce-a40c-58a80c3d1d99','','/common-ref/','-99','N','','refpk',1,'','2020-11-10 09:14:04','N','Y',null,1);
            go
            insert into pub_query_property(pk_query_property,areaid,classid,code,containlower,creationtime,creator,datatype,dataval,defaultvalue,define1,define2,define3,define4,define5,disabled,dr,isbeyondorg,ischeck,isdefined,isfixedcondition,ismultiselectedenabled,isnotmeta,isquerycondition,isuse,itemtype,label,maxlength,metadataproperty,metapath,opersign,opersignname,position,proid,querytablename,refcode,refname,required,resid,returntype,showtype,tablecode,ts,usefunc,visible,visibleposition,width)
            values('0001ZZZZe8c3a979a964','0001ZZZZe9b429d7ad5e','1071b7b2-fb67-4a3c-922a-7fcb4b23ab26','srcbilltype',null,null,'~',1,'','','','','','','','N',0,'N','N','N','N','N','N','Y','Y','input','来源单据类型',50,NULL,'srcbilltype','=@','等于@',23,'079ba788-e281-4558-9718-2901fe6e0c2b','','/common-ref/','-99','N','','refpk',1,'','2020-11-10 09:14:04','N','Y',null,1);
            go
            insert into pub_query_property(pk_query_property,areaid,classid,code,containlower,creationtime,creator,datatype,dataval,defaultvalue,define1,define2,define3,define4,define5,disabled,dr,isbeyondorg,ischeck,isdefined,isfixedcondition,ismultiselectedenabled,isnotmeta,isquerycondition,isuse,itemtype,label,maxlength,metadataproperty,metapath,opersign,opersignname,position,proid,querytablename,refcode,refname,required,resid,returntype,showtype,tablecode,ts,usefunc,visible,visibleposition,width)
            values('0001ZZZZ802d0c730f7a','0001ZZZZe9b429d7ad5e','1071b7b2-fb67-4a3c-922a-7fcb4b23ab26','pk_org',null,null,'~',204,'','','','','','','','N',0,'N','N','N','N','N','N','Y','Y','refer','组织',20,'uap.org.name','pk_org','=@','等于@',5,'3f5be355-cb89-45b0-9653-55c03d0be2be','','uapbd/refer/org/OrgAndOrgTypeCompositeOnlyEnableDataTreeRef/index','组织类型分类的组织单元','N','','refpk',1,'','2020-11-10 09:14:04','N','Y',null,1);
            go
            insert into pub_query_property(pk_query_property,areaid,classid,code,containlower,creationtime,creator,datatype,dataval,defaultvalue,define1,define2,define3,define4,define5,disabled,dr,isbeyondorg,ischeck,isdefined,isfixedcondition,ismultiselectedenabled,isnotmeta,isquerycondition,isuse,itemtype,label,maxlength,metadataproperty,metapath,opersign,opersignname,position,proid,querytablename,refcode,refname,required,resid,returntype,showtype,tablecode,ts,usefunc,visible,visibleposition,width)
            values('0001ZZZZ56374d065c6d','0001ZZZZe9b429d7ad5e','1071b7b2-fb67-4a3c-922a-7fcb4b23ab26','pk_org_v',null,null,'~',204,'','','','','','','','N',0,'N','N','N','N','N','N','Y','Y','refer','组织版本',20,'uap.org_v.name','pk_org_v','=@','等于@',6,'236c7e64-1844-42a1-a493-9fc4223a4581','','uapbd/refer/orgv/BusinessUnitVersionDefaultAllTreeRef/index','业务单元版本(所有)','N','','refpk',1,'','2020-11-10 09:14:04','N','N',null,1);
            go
            insert into pub_query_property(pk_query_property,areaid,classid,code,containlower,creationtime,creator,datatype,dataval,defaultvalue,define1,define2,define3,define4,define5,disabled,dr,isbeyondorg,ischeck,isdefined,isfixedcondition,ismultiselectedenabled,isnotmeta,isquerycondition,isuse,itemtype,label,maxlength,metadataproperty,metapath,opersign,opersignname,position,proid,querytablename,refcode,refname,required,resid,returntype,showtype,tablecode,ts,usefunc,visible,visibleposition,width)
            values('0001ZZZZ915296648b16','0001ZZZZe9b429d7ad5e','1071b7b2-fb67-4a3c-922a-7fcb4b23ab26','code',null,null,'~',1,'','','','','','','','N',0,'N','N','N','N','N','N','Y','Y','input','编码',50,NULL,'code','=@','等于@',2,'349528d3-1dda-40a7-8913-3f06267f2217','','/common-ref/','-99','N','','refpk',1,'','2020-11-10 09:14:04','N','Y',null,1);
            go
            insert into pub_query_property(pk_query_property,areaid,classid,code,containlower,creationtime,creator,datatype,dataval,defaultvalue,define1,define2,define3,define4,define5,disabled,dr,isbeyondorg,ischeck,isdefined,isfixedcondition,ismultiselectedenabled,isnotmeta,isquerycondition,isuse,itemtype,label,maxlength,metadataproperty,metapath,opersign,opersignname,position,proid,querytablename,refcode,refname,required,resid,returntype,showtype,tablecode,ts,usefunc,visible,visibleposition,width)
            values('0001ZZZZb25115f218f9','0001ZZZZe9b429d7ad5e','1071b7b2-fb67-4a3c-922a-7fcb4b23ab26','rowno',null,null,'~',1,'','','','','','','','N',0,'N','N','N','N','N','N','Y','Y','input','行号',50,NULL,'rowno','=@','等于@',31,'6b362aa9-0abb-49d0-8d5e-228cd59732cb','','/common-ref/','-99','N','','refpk',1,'','2020-11-10 09:14:04','N','Y',null,1);
            go
            insert into pub_query_property(pk_query_property,areaid,classid,code,containlower,creationtime,creator,datatype,dataval,defaultvalue,define1,define2,define3,define4,define5,disabled,dr,isbeyondorg,ischeck,isdefined,isfixedcondition,ismultiselectedenabled,isnotmeta,isquerycondition,isuse,itemtype,label,maxlength,metadataproperty,metapath,opersign,opersignname,position,proid,querytablename,refcode,refname,required,resid,returntype,showtype,tablecode,ts,usefunc,visible,visibleposition,width)
            values('0001ZZZZ5ad202b9eaa9','0001ZZZZe9b429d7ad5e','1071b7b2-fb67-4a3c-922a-7fcb4b23ab26','pk_group',null,null,'~',204,'','','','','','','','N',0,'N','N','N','N','N','Y','Y','Y','refer','集团',20,'uap.group.name','pk_group','=@','等于@',4,'20f11b56-41e9-42c6-b463-dc6db33e71dc','','uap/refer/riart/groupTreeRef/index','集团','N','','refpk',1,'','2020-11-10 09:14:04','N','Y',null,1);
            go


        insert into pub_form_property(pk_form_property,areaid,classid,code,colnum,color,creationtime,creator,datatype,dataval,defaultvalue,defaultvar,define1,define2,define3,disabled,dr,editformula,hyperlinkflag,iscode,isdefined,ismultiselectedenabled,isnextrow,isrevise,istotal,itemtype,label,maxlength,metadataproperty,metaid,metapath,modifiedtime,modifier,position,proid,refcode,refname,relatemeta,required,resid,showformula,textrows,ts,validateformula,visible,width)
        values('0001ZZZZ8d1dee5a0000','0001ZZZZ6776b182de46','1071b7b2-fb67-4a3c-922a-7fcb4b23ab26','id',null,'#111111',null,'~',1, null, null,null,null,null,null,'N',0,null,'N','N','N',null,'N','N','N','input','id',28,NULL,'','id',null,'~',27,'8c2d0205-2419-4b4a-b895-b4e9ca143b3e','/common-ref/','-99',null,'N',null,null,null,'2020-11-10 09:14:04',null,'Y',null);
        go

        insert into pub_form_property(pk_form_property,areaid,classid,code,colnum,color,creationtime,creator,datatype,dataval,defaultvalue,defaultvar,define1,define2,define3,disabled,dr,editformula,hyperlinkflag,iscode,isdefined,ismultiselectedenabled,isnextrow,isrevise,istotal,itemtype,label,maxlength,metadataproperty,metaid,metapath,modifiedtime,modifier,position,proid,refcode,refname,relatemeta,required,resid,showformula,textrows,ts,validateformula,visible,width)
        values('0001ZZZZ8d1dee5a0002','0001ZZZZ6776b182de46','1071b7b2-fb67-4a3c-922a-7fcb4b23ab26','name',null,'#111111',null,'~',1, null, null,null,null,null,null,'N',0,null,'N','N','N',null,'N','N','N','input','name',28,NULL,'','name',null,'~',28,'acbbcfc2-936d-47ba-8714-b811b0947203','/common-ref/','-99',null,'N',null,null,null,'2020-11-10 09:14:04',null,'Y',null);
        go

        insert into pub_form_property(pk_form_property,areaid,classid,code,colnum,color,creationtime,creator,datatype,dataval,defaultvalue,defaultvar,define1,define2,define3,disabled,dr,editformula,hyperlinkflag,iscode,isdefined,ismultiselectedenabled,isnextrow,isrevise,istotal,itemtype,label,maxlength,metadataproperty,metaid,metapath,modifiedtime,modifier,position,proid,refcode,refname,relatemeta,required,resid,showformula,textrows,ts,validateformula,visible,width)
        values('0001ZZZZ8d1dee5a0003','0001ZZZZ6776b182de46','1071b7b2-fb67-4a3c-922a-7fcb4b23ab26','busitype',null,'#111111',null,'~',204, '', null,null,null,null,null,'N',0,null,'N','N','N',null,'N','N','N','refer','业务类型',28,'uap.BusitypeVO.businame','7717f1a3-b777-454e-abb5-ef8705a0f0c2','busitype',null,'~',14,'4acff7d9-d2bf-453e-931e-d5d58f39b475','uap/refer/riart/busitype/index','业务流程',null,'N',null,null,null,'2020-11-10 09:14:04',null,'Y',null);
        go

        insert into pub_form_property(pk_form_property,areaid,classid,code,colnum,color,creationtime,creator,datatype,dataval,defaultvalue,defaultvar,define1,define2,define3,disabled,dr,editformula,hyperlinkflag,iscode,isdefined,ismultiselectedenabled,isnextrow,isrevise,istotal,itemtype,label,maxlength,metadataproperty,metaid,metapath,modifiedtime,modifier,position,proid,refcode,refname,relatemeta,required,resid,showformula,textrows,ts,validateformula,visible,width)
        values('0001ZZZZ8d1dee5a0004','0001ZZZZ6776b182de46','1071b7b2-fb67-4a3c-922a-7fcb4b23ab26','pk_m',null,'#111111',null,'~',1, null, null,null,null,null,null,'N',0,null,'N','N','N',null,'N','N','N','input','主键',28,NULL,'','pk_m',null,'~',1,'5ed470a6-b9d6-409d-b0b0-0e27b698ef43','/common-ref/','-99',null,'Y',null,null,null,'2020-11-10 09:14:04',null,'N',null);
        go

        insert into pub_form_property(pk_form_property,areaid,classid,code,colnum,color,creationtime,creator,datatype,dataval,defaultvalue,defaultvar,define1,define2,define3,disabled,dr,editformula,hyperlinkflag,iscode,isdefined,ismultiselectedenabled,isnextrow,isrevise,istotal,itemtype,label,maxlength,metadataproperty,metaid,metapath,modifiedtime,modifier,position,proid,refcode,refname,relatemeta,required,resid,showformula,textrows,ts,validateformula,visible,width)
        values('0001ZZZZ8d1dee5a0005','0001ZZZZ6776b182de46','1071b7b2-fb67-4a3c-922a-7fcb4b23ab26','transtype',null,'#111111',null,'~',204, '', null,null,null,null,null,'N',0,null,'N','N','N',null,'N','N','N','refer','交易类型',28,'riart.transtype.billtypename','74f13f3d-21cd-4800-9c7c-053f14ceb8dc','transtype',null,'~',20,'cdb67c86-7689-48f2-9028-b0c863363893','/common-ref/','交易类型',null,'N',null,null,null,'2020-11-10 09:14:04',null,'Y',null);
        go

        insert into pub_form_property(pk_form_property,areaid,classid,code,colnum,color,creationtime,creator,datatype,dataval,defaultvalue,defaultvar,define1,define2,define3,disabled,dr,editformula,hyperlinkflag,iscode,isdefined,ismultiselectedenabled,isnextrow,isrevise,istotal,itemtype,label,maxlength,metadataproperty,metaid,metapath,modifiedtime,modifier,position,proid,refcode,refname,relatemeta,required,resid,showformula,textrows,ts,validateformula,visible,width)
        values('0001ZZZZ8d1dee5a0006','0001ZZZZ6776b182de46','1071b7b2-fb67-4a3c-922a-7fcb4b23ab26','transtypepk',null,'#111111',null,'~',1, null, null,null,null,null,null,'N',0,null,'N','N','N',null,'N','N','N','input','交易类型pk',28,NULL,'','transtypepk',null,'~',22,'8bcc98c5-2250-45f0-8edb-ddabe3ba4479','/common-ref/','-99',null,'Y',null,null,null,'2020-11-10 09:14:04',null,'Y',null);
        go

        insert into pub_form_property(pk_form_property,areaid,classid,code,colnum,color,creationtime,creator,datatype,dataval,defaultvalue,defaultvar,define1,define2,define3,disabled,dr,editformula,hyperlinkflag,iscode,isdefined,ismultiselectedenabled,isnextrow,isrevise,istotal,itemtype,label,maxlength,metadataproperty,metaid,metapath,modifiedtime,modifier,position,proid,refcode,refname,relatemeta,required,resid,showformula,textrows,ts,validateformula,visible,width)
        values('0001ZZZZ8d1dee5a0007','0001ZZZZ6776b182de46','1071b7b2-fb67-4a3c-922a-7fcb4b23ab26','modifier',null,'#111111',null,'~',204, '', null,null,null,null,null,'N',0,null,'N','N','N',null,'N','N','N','refer','修改人',28,'uap.user.user_name','f6f9a473-56c0-432f-8bc7-fbf8fde54fee','modifier',null,'~',9,'1d5bbe6e-a585-41de-a6ca-696923bca1c4','uap/refer/riart/userDefaultRefer/index','用户',null,'N',null,null,null,'2020-11-10 09:14:04',null,'Y',null);
        go

        insert into pub_form_property(pk_form_property,areaid,classid,code,colnum,color,creationtime,creator,datatype,dataval,defaultvalue,defaultvar,define1,define2,define3,disabled,dr,editformula,hyperlinkflag,iscode,isdefined,ismultiselectedenabled,isnextrow,isrevise,istotal,itemtype,label,maxlength,metadataproperty,metaid,metapath,modifiedtime,modifier,position,proid,refcode,refname,relatemeta,required,resid,showformula,textrows,ts,validateformula,visible,width)
        values('0001ZZZZ8d1dee5a0008','0001ZZZZ6776b182de46','1071b7b2-fb67-4a3c-922a-7fcb4b23ab26','modifiedtime',null,'#111111',null,'~',34, null, null,null,null,null,null,'N',0,null,'N','N','N',null,'N','N','N','datetimepicker','修改时间',28,NULL,'','modifiedtime',null,'~',10,'c1fdf51b-eb73-4486-91cb-b3f5669420a7','/common-ref/','-99',null,'N',null,null,null,'2020-11-10 09:14:04',null,'Y',null);
        go

        insert into pub_form_property(pk_form_property,areaid,classid,code,colnum,color,creationtime,creator,datatype,dataval,defaultvalue,defaultvar,define1,define2,define3,disabled,dr,editformula,hyperlinkflag,iscode,isdefined,ismultiselectedenabled,isnextrow,isrevise,istotal,itemtype,label,maxlength,metadataproperty,metaid,metapath,modifiedtime,modifier,position,proid,refcode,refname,relatemeta,required,resid,showformula,textrows,ts,validateformula,visible,width)
        values('0001ZZZZ8d1dee5a0009','0001ZZZZ6776b182de46','1071b7b2-fb67-4a3c-922a-7fcb4b23ab26','emendenum',null,'#111111',null,'~',4, null, null,null,null,null,null,'N',0,null,'N','N','N',null,'N','N','N','number','修订枚举',28,NULL,'','emendenum',null,'~',25,'802bbf23-d23a-43a9-aeac-308adf18bad0','/common-ref/','-99',null,'N',null,null,null,'2020-11-10 09:14:04',null,'Y',null);
        go

        insert into pub_form_property(pk_form_property,areaid,classid,code,colnum,color,creationtime,creator,datatype,dataval,defaultvalue,defaultvar,define1,define2,define3,disabled,dr,editformula,hyperlinkflag,iscode,isdefined,ismultiselectedenabled,isnextrow,isrevise,istotal,itemtype,label,maxlength,metadataproperty,metaid,metapath,modifiedtime,modifier,position,proid,refcode,refname,relatemeta,required,resid,showformula,textrows,ts,validateformula,visible,width)
        values('0001ZZZZ8d1dee5a0010','0001ZZZZ6776b182de46','1071b7b2-fb67-4a3c-922a-7fcb4b23ab26','creator',null,'#111111',null,'~',204, '', null,null,null,null,null,'N',0,null,'N','N','N',null,'N','N','N','refer','创建人',28,'uap.user.user_name','f6f9a473-56c0-432f-8bc7-fbf8fde54fee','creator',null,'~',7,'fdeb99b4-8a53-49ef-a90d-6271d3df8885','uap/refer/riart/userDefaultRefer/index','用户',null,'N',null,null,null,'2020-11-10 09:14:04',null,'Y',null);
        go

        insert into pub_form_property(pk_form_property,areaid,classid,code,colnum,color,creationtime,creator,datatype,dataval,defaultvalue,defaultvar,define1,define2,define3,disabled,dr,editformula,hyperlinkflag,iscode,isdefined,ismultiselectedenabled,isnextrow,isrevise,istotal,itemtype,label,maxlength,metadataproperty,metaid,metapath,modifiedtime,modifier,position,proid,refcode,refname,relatemeta,required,resid,showformula,textrows,ts,validateformula,visible,width)
        values('0001ZZZZ8d1dee5a0011','0001ZZZZ6776b182de46','1071b7b2-fb67-4a3c-922a-7fcb4b23ab26','creationtime',null,'#111111',null,'~',34, null, null,null,null,null,null,'N',0,null,'N','N','N',null,'N','N','N','datetimepicker','创建时间',28,NULL,'','creationtime',null,'~',8,'2e69aeb0-8e74-4da7-9296-3253bbdab3d4','/common-ref/','-99',null,'N',null,null,null,'2020-11-10 09:14:04',null,'Y',null);
        go

        insert into pub_form_property(pk_form_property,areaid,classid,code,colnum,color,creationtime,creator,datatype,dataval,defaultvalue,defaultvar,define1,define2,define3,disabled,dr,editformula,hyperlinkflag,iscode,isdefined,ismultiselectedenabled,isnextrow,isrevise,istotal,itemtype,label,maxlength,metadataproperty,metaid,metapath,modifiedtime,modifier,position,proid,refcode,refname,relatemeta,required,resid,showformula,textrows,ts,validateformula,visible,width)
        values('0001ZZZZ8d1dee5a0012','0001ZZZZ6776b182de46','1071b7b2-fb67-4a3c-922a-7fcb4b23ab26','billmaker',null,'#111111',null,'~',1, null, null,null,null,null,null,'N',0,null,'N','N','N',null,'N','N','N','input','制单人',28,NULL,'','billmaker',null,'~',15,'0b3311b3-8fc6-499e-a27c-678ebdbdd239','/common-ref/','-99',null,'N',null,null,null,'2020-11-10 09:14:04',null,'Y',null);
        go

        insert into pub_form_property(pk_form_property,areaid,classid,code,colnum,color,creationtime,creator,datatype,dataval,defaultvalue,defaultvar,define1,define2,define3,disabled,dr,editformula,hyperlinkflag,iscode,isdefined,ismultiselectedenabled,isnextrow,isrevise,istotal,itemtype,label,maxlength,metadataproperty,metaid,metapath,modifiedtime,modifier,position,proid,refcode,refname,relatemeta,required,resid,showformula,textrows,ts,validateformula,visible,width)
        values('0001ZZZZ8d1dee5a0013','0001ZZZZ6776b182de46','1071b7b2-fb67-4a3c-922a-7fcb4b23ab26','maketime',null,'#111111',null,'~',34, null, null,null,null,null,null,'N',0,null,'N','N','N',null,'N','N','N','datetimepicker','制单时间',28,NULL,'','maketime',null,'~',29,'71750fdb-0909-4580-95db-1b7147ded50a','/common-ref/','-99',null,'Y',null,null,null,'2020-11-10 09:14:04',null,'Y',null);
        go

        insert into pub_form_property(pk_form_property,areaid,classid,code,colnum,color,creationtime,creator,datatype,dataval,defaultvalue,defaultvar,define1,define2,define3,disabled,dr,editformula,hyperlinkflag,iscode,isdefined,ismultiselectedenabled,isnextrow,isrevise,istotal,itemtype,label,maxlength,metadataproperty,metaid,metapath,modifiedtime,modifier,position,proid,refcode,refname,relatemeta,required,resid,showformula,textrows,ts,validateformula,visible,width)
        values('0001ZZZZ8d1dee5a0014','0001ZZZZ6776b182de46','1071b7b2-fb67-4a3c-922a-7fcb4b23ab26','billid',null,'#111111',null,'~',1, null, null,null,null,null,null,'N',0,null,'N','N','N',null,'N','N','N','input','单据ID',28,NULL,'','billid',null,'~',11,'b1d4d1d3-6762-4b28-a6ef-08784da2d735','/common-ref/','-99',null,'N',null,null,null,'2020-11-10 09:14:04',null,'Y',null);
        go

        insert into pub_form_property(pk_form_property,areaid,classid,code,colnum,color,creationtime,creator,datatype,dataval,defaultvalue,defaultvar,define1,define2,define3,disabled,dr,editformula,hyperlinkflag,iscode,isdefined,ismultiselectedenabled,isnextrow,isrevise,istotal,itemtype,label,maxlength,metadataproperty,metaid,metapath,modifiedtime,modifier,position,proid,refcode,refname,relatemeta,required,resid,showformula,textrows,ts,validateformula,visible,width)
        values('0001ZZZZ8d1dee5a0015','0001ZZZZ6776b182de46','1071b7b2-fb67-4a3c-922a-7fcb4b23ab26','billno',null,'#111111',null,'~',1, null, null,null,null,null,null,'N',0,null,'N','N','N',null,'N','N','N','input','单据号',28,NULL,'','billno',null,'~',12,'9bfd710c-cd50-4daf-8f82-6cc29a5b5f62','/common-ref/','-99',null,'N',null,null,null,'2020-11-10 09:14:04',null,'Y',null);
        go

        insert into pub_form_property(pk_form_property,areaid,classid,code,colnum,color,creationtime,creator,datatype,dataval,defaultvalue,defaultvar,define1,define2,define3,disabled,dr,editformula,hyperlinkflag,iscode,isdefined,ismultiselectedenabled,isnextrow,isrevise,istotal,itemtype,label,maxlength,metadataproperty,metaid,metapath,modifiedtime,modifier,position,proid,refcode,refname,relatemeta,required,resid,showformula,textrows,ts,validateformula,visible,width)
        values('0001ZZZZ8d1dee5a0016','0001ZZZZ6776b182de46','1071b7b2-fb67-4a3c-922a-7fcb4b23ab26','billversionpk',null,'#111111',null,'~',1, null, null,null,null,null,null,'N',0,null,'N','N','N',null,'N','N','N','input','单据版本pk',28,NULL,'','billversionpk',null,'~',26,'3b91762a-83b9-4d3c-93f4-6fc194781a12','/common-ref/','-99',null,'N',null,null,null,'2020-11-10 09:14:04',null,'Y',null);
        go

        insert into pub_form_property(pk_form_property,areaid,classid,code,colnum,color,creationtime,creator,datatype,dataval,defaultvalue,defaultvar,define1,define2,define3,disabled,dr,editformula,hyperlinkflag,iscode,isdefined,ismultiselectedenabled,isnextrow,isrevise,istotal,itemtype,label,maxlength,metadataproperty,metaid,metapath,modifiedtime,modifier,position,proid,refcode,refname,relatemeta,required,resid,showformula,textrows,ts,validateformula,visible,width)
        values('0001ZZZZ8d1dee5a0017','0001ZZZZ6776b182de46','1071b7b2-fb67-4a3c-922a-7fcb4b23ab26','billtype',null,'#111111',null,'~',204, '', null,null,null,null,null,'N',0,null,'N','N','N',null,'N','N','N','refer','单据类型',28,'uap.BilltypeVO.billtypename','b0fa41cd-a649-4309-b685-d341a5d1b0ed','billtype',null,'~',21,'17d0484c-236c-487d-b102-d1efac8ee01a','uap/refer/riart/billtype/index','影响因素单据类型',null,'N',null,null,null,'2020-11-10 09:14:04',null,'Y',null);
        go

        insert into pub_form_property(pk_form_property,areaid,classid,code,colnum,color,creationtime,creator,datatype,dataval,defaultvalue,defaultvar,define1,define2,define3,disabled,dr,editformula,hyperlinkflag,iscode,isdefined,ismultiselectedenabled,isnextrow,isrevise,istotal,itemtype,label,maxlength,metadataproperty,metaid,metapath,modifiedtime,modifier,position,proid,refcode,refname,relatemeta,required,resid,showformula,textrows,ts,validateformula,visible,width)
        values('0001ZZZZ8d1dee5a0018','0001ZZZZ6776b182de46','1071b7b2-fb67-4a3c-922a-7fcb4b23ab26','approver',null,'#111111',null,'~',1, null, null,null,null,null,null,'N',0,null,'N','N','N',null,'N','N','N','input','审批人',28,NULL,'','approver',null,'~',16,'6c11d0ad-bd83-4443-b839-64f75e79324c','/common-ref/','-99',null,'N',null,null,null,'2020-11-10 09:14:04',null,'Y',null);
        go

        insert into pub_form_property(pk_form_property,areaid,classid,code,colnum,color,creationtime,creator,datatype,dataval,defaultvalue,defaultvar,define1,define2,define3,disabled,dr,editformula,hyperlinkflag,iscode,isdefined,ismultiselectedenabled,isnextrow,isrevise,istotal,itemtype,label,maxlength,metadataproperty,metaid,metapath,modifiedtime,modifier,position,proid,refcode,refname,relatemeta,required,resid,showformula,textrows,ts,validateformula,visible,width)
        values('0001ZZZZ8d1dee5a0019','0001ZZZZ6776b182de46','1071b7b2-fb67-4a3c-922a-7fcb4b23ab26','approvenote',null,'#111111',null,'~',1, null, null,null,null,null,null,'N',0,null,'N','N','N',null,'N','N','N','input','审批批语',28,NULL,'','approvenote',null,'~',18,'6f57ba36-0efb-4fcf-b5df-ac382c4852be','/common-ref/','-99',null,'N',null,null,null,'2020-11-10 09:14:04',null,'Y',null);
        go

        insert into pub_form_property(pk_form_property,areaid,classid,code,colnum,color,creationtime,creator,datatype,dataval,defaultvalue,defaultvar,define1,define2,define3,disabled,dr,editformula,hyperlinkflag,iscode,isdefined,ismultiselectedenabled,isnextrow,isrevise,istotal,itemtype,label,maxlength,metadataproperty,metaid,metapath,modifiedtime,modifier,position,proid,refcode,refname,relatemeta,required,resid,showformula,textrows,ts,validateformula,visible,width)
        values('0001ZZZZ8d1dee5a0020','0001ZZZZ6776b182de46','1071b7b2-fb67-4a3c-922a-7fcb4b23ab26','approvedate',null,'#111111',null,'~',34, null, null,null,null,null,null,'N',0,null,'N','N','N',null,'N','N','N','datetimepicker','审批时间',28,NULL,'','approvedate',null,'~',19,'7da7a49a-7bd5-4a13-b612-deeba198c043','/common-ref/','-99',null,'N',null,null,null,'2020-11-10 09:14:04',null,'Y',null);
        go

        insert into pub_form_property(pk_form_property,areaid,classid,code,colnum,color,creationtime,creator,datatype,dataval,defaultvalue,defaultvar,define1,define2,define3,disabled,dr,editformula,hyperlinkflag,iscode,isdefined,ismultiselectedenabled,isnextrow,isrevise,istotal,itemtype,label,maxlength,metadataproperty,metaid,metapath,modifiedtime,modifier,position,proid,refcode,refname,relatemeta,required,resid,showformula,textrows,ts,validateformula,visible,width)
        values('0001ZZZZ8d1dee5a0021','0001ZZZZ6776b182de46','1071b7b2-fb67-4a3c-922a-7fcb4b23ab26','approvestatus',null,'#111111',null,'~',203, '自由=-1,审批未通过=0,审批通过=1,审批进行中=2,提交=3', null,null,null,null,null,'N',0,null,'N','N','N',null,'N','N','N','select','审批状态',28,NULL,'','approvestatus',null,'~',17,'1dc505ee-5931-4099-bff3-f5882dfbe0e3','/common-ref/','-99',null,'N',null,null,null,'2020-11-10 09:14:04',null,'Y',null);
        go

        insert into pub_form_property(pk_form_property,areaid,classid,code,colnum,color,creationtime,creator,datatype,dataval,defaultvalue,defaultvar,define1,define2,define3,disabled,dr,editformula,hyperlinkflag,iscode,isdefined,ismultiselectedenabled,isnextrow,isrevise,istotal,itemtype,label,maxlength,metadataproperty,metaid,metapath,modifiedtime,modifier,position,proid,refcode,refname,relatemeta,required,resid,showformula,textrows,ts,validateformula,visible,width)
        values('0001ZZZZ8d1dee5a0022','0001ZZZZ6776b182de46','1071b7b2-fb67-4a3c-922a-7fcb4b23ab26','pkorg',null,'#111111',null,'~',1, null, null,null,null,null,null,'N',0,null,'N','N','N',null,'N','N','N','input','所属组织',28,NULL,'','pkorg',null,'~',13,'71524a5f-e993-4162-8b30-f247a1b9ac28','/common-ref/','-99',null,'N',null,null,null,'2020-11-10 09:14:04',null,'Y',null);
        go

        insert into pub_form_property(pk_form_property,areaid,classid,code,colnum,color,creationtime,creator,datatype,dataval,defaultvalue,defaultvar,define1,define2,define3,disabled,dr,editformula,hyperlinkflag,iscode,isdefined,ismultiselectedenabled,isnextrow,isrevise,istotal,itemtype,label,maxlength,metadataproperty,metaid,metapath,modifiedtime,modifier,position,proid,refcode,refname,relatemeta,required,resid,showformula,textrows,ts,validateformula,visible,width)
        values('0001ZZZZ8d1dee5a0023','0001ZZZZ6776b182de46','1071b7b2-fb67-4a3c-922a-7fcb4b23ab26','lastmaketime',null,'#111111',null,'~',34, null, null,null,null,null,null,'N',0,null,'N','N','N',null,'N','N','N','datetimepicker','最后修改时间',28,NULL,'','lastmaketime',null,'~',30,'d9823130-aee7-4f3c-96bb-203a0663a475','/common-ref/','-99',null,'N',null,null,null,'2020-11-10 09:14:04',null,'Y',null);
        go

        insert into pub_form_property(pk_form_property,areaid,classid,code,colnum,color,creationtime,creator,datatype,dataval,defaultvalue,defaultvar,define1,define2,define3,disabled,dr,editformula,hyperlinkflag,iscode,isdefined,ismultiselectedenabled,isnextrow,isrevise,istotal,itemtype,label,maxlength,metadataproperty,metaid,metapath,modifiedtime,modifier,position,proid,refcode,refname,relatemeta,required,resid,showformula,textrows,ts,validateformula,visible,width)
        values('0001ZZZZ8d1dee5a0024','0001ZZZZ6776b182de46','1071b7b2-fb67-4a3c-922a-7fcb4b23ab26','srcbillid',null,'#111111',null,'~',1, null, null,null,null,null,null,'N',0,null,'N','N','N',null,'N','N','N','input','来源单据id',28,NULL,'','srcbillid',null,'~',24,'b31e2726-3852-4e97-a8a3-b7812d9da8be','/common-ref/','-99',null,'N',null,null,null,'2020-11-10 09:14:04',null,'Y',null);
        go

        insert into pub_form_property(pk_form_property,areaid,classid,code,colnum,color,creationtime,creator,datatype,dataval,defaultvalue,defaultvar,define1,define2,define3,disabled,dr,editformula,hyperlinkflag,iscode,isdefined,ismultiselectedenabled,isnextrow,isrevise,istotal,itemtype,label,maxlength,metadataproperty,metaid,metapath,modifiedtime,modifier,position,proid,refcode,refname,relatemeta,required,resid,showformula,textrows,ts,validateformula,visible,width)
        values('0001ZZZZ8d1dee5a0025','0001ZZZZ6776b182de46','1071b7b2-fb67-4a3c-922a-7fcb4b23ab26','srcbilltype',null,'#111111',null,'~',1, null, null,null,null,null,null,'N',0,null,'N','N','N',null,'N','N','N','input','来源单据类型',28,NULL,'','srcbilltype',null,'~',23,'55e6deba-f699-4ac2-a3bb-5a022e6a70aa','/common-ref/','-99',null,'N',null,null,null,'2020-11-10 09:14:04',null,'Y',null);
        go

        insert into pub_form_property(pk_form_property,areaid,classid,code,colnum,color,creationtime,creator,datatype,dataval,defaultvalue,defaultvar,define1,define2,define3,disabled,dr,editformula,hyperlinkflag,iscode,isdefined,ismultiselectedenabled,isnextrow,isrevise,istotal,itemtype,label,maxlength,metadataproperty,metaid,metapath,modifiedtime,modifier,position,proid,refcode,refname,relatemeta,required,resid,showformula,textrows,ts,validateformula,visible,width)
        values('0001ZZZZ8d1dee5a0026','0001ZZZZ6776b182de46','1071b7b2-fb67-4a3c-922a-7fcb4b23ab26','pk_org',null,'#111111',null,'~',204, '', null,null,null,null,null,'N',0,null,'N','N','N',null,'N','N','N','refer','组织',28,'uap.org.name','985be8a4-3a36-4778-8afe-2d8ed3902659','pk_org',null,'~',5,'7e002920-d15d-4df8-be83-71dd6030a6ba','uapbd/refer/org/OrgAndOrgTypeCompositeOnlyEnableDataTreeRef/index','组织类型分类的组织单元',null,'N',null,null,null,'2020-11-10 09:14:04',null,'Y',null);
        go

        insert into pub_form_property(pk_form_property,areaid,classid,code,colnum,color,creationtime,creator,datatype,dataval,defaultvalue,defaultvar,define1,define2,define3,disabled,dr,editformula,hyperlinkflag,iscode,isdefined,ismultiselectedenabled,isnextrow,isrevise,istotal,itemtype,label,maxlength,metadataproperty,metaid,metapath,modifiedtime,modifier,position,proid,refcode,refname,relatemeta,required,resid,showformula,textrows,ts,validateformula,visible,width)
        values('0001ZZZZ8d1dee5a0027','0001ZZZZ6776b182de46','1071b7b2-fb67-4a3c-922a-7fcb4b23ab26','pk_org_v',null,'#111111',null,'~',204, '', null,null,null,null,null,'N',0,null,'N','N','N',null,'N','N','N','refer','组织版本',28,'uap.org_v.name','da7bba89-9a59-42d6-a262-c13ef459dbd9','pk_org_v',null,'~',6,'ae3b3cf2-56be-451e-956f-676cb901e3eb','uapbd/refer/orgv/BusinessUnitVersionDefaultAllTreeRef/index','业务单元版本(所有)',null,'N',null,null,null,'2020-11-10 09:14:04',null,'N',null);
        go

        insert into pub_form_property(pk_form_property,areaid,classid,code,colnum,color,creationtime,creator,datatype,dataval,defaultvalue,defaultvar,define1,define2,define3,disabled,dr,editformula,hyperlinkflag,iscode,isdefined,ismultiselectedenabled,isnextrow,isrevise,istotal,itemtype,label,maxlength,metadataproperty,metaid,metapath,modifiedtime,modifier,position,proid,refcode,refname,relatemeta,required,resid,showformula,textrows,ts,validateformula,visible,width)
        values('0001ZZZZ8d1dee5a0028','0001ZZZZ6776b182de46','1071b7b2-fb67-4a3c-922a-7fcb4b23ab26','code',null,'#111111',null,'~',1, null, null,null,null,null,null,'N',0,null,'N','N','N',null,'N','N','N','input','编码',28,NULL,'','code',null,'~',2,'bb74fb16-1ec7-4513-ac9d-22a12952b2eb','/common-ref/','-99',null,'N',null,null,null,'2020-11-10 09:14:04',null,'Y',null);
        go

        insert into pub_form_property(pk_form_property,areaid,classid,code,colnum,color,creationtime,creator,datatype,dataval,defaultvalue,defaultvar,define1,define2,define3,disabled,dr,editformula,hyperlinkflag,iscode,isdefined,ismultiselectedenabled,isnextrow,isrevise,istotal,itemtype,label,maxlength,metadataproperty,metaid,metapath,modifiedtime,modifier,position,proid,refcode,refname,relatemeta,required,resid,showformula,textrows,ts,validateformula,visible,width)
        values('0001ZZZZ8d1dee5a0029','0001ZZZZ6776b182de46','1071b7b2-fb67-4a3c-922a-7fcb4b23ab26','rowno',null,'#111111',null,'~',1, null, null,null,null,null,null,'N',0,null,'N','N','N',null,'N','N','N','input','行号',28,NULL,'','rowno',null,'~',31,'5aa8c703-4bec-4292-9b8f-61617c3585bc','/common-ref/','-99',null,'N',null,null,null,'2020-11-10 09:14:04',null,'Y',null);
        go

        insert into pub_form_property(pk_form_property,areaid,classid,code,colnum,color,creationtime,creator,datatype,dataval,defaultvalue,defaultvar,define1,define2,define3,disabled,dr,editformula,hyperlinkflag,iscode,isdefined,ismultiselectedenabled,isnextrow,isrevise,istotal,itemtype,label,maxlength,metadataproperty,metaid,metapath,modifiedtime,modifier,position,proid,refcode,refname,relatemeta,required,resid,showformula,textrows,ts,validateformula,visible,width)
        values('0001ZZZZ8d1dee5a0030','0001ZZZZ6776b182de46','1071b7b2-fb67-4a3c-922a-7fcb4b23ab26','pk_group',null,'#111111',null,'~',204, '', null,null,null,null,null,'N',0,null,'N','N','N',null,'N','N','N','refer','集团',28,'uap.group.name','3b6dd171-2900-47f3-bfbe-41e4483a2a65','pk_group',null,'~',4,'db837f5d-98b5-4aaa-b351-b1bdc187a0c4','uap/refer/riart/groupTreeRef/index','集团',null,'Y',null,null,null,'2020-11-10 09:14:04',null,'Y',null);
        go








            insert into pub_form_property(pk_form_property,areaid,classid,code,colnum,color,creationtime,creator,datatype,dataval,defaultvalue,defaultvar,define1,define2,define3,disabled,dr,editformula,hyperlinkflag,iscode,isdefined,ismultiselectedenabled,isnextrow,isrevise,istotal,itemtype,label,maxlength,metadataproperty,metaid,metapath,modifiedtime,modifier,position,proid,refcode,refname,relatemeta,required,resid,showformula,textrows,ts,validateformula,visible,width)
            values('0001ZZZZ7f3e7715c000','0001ZZZZd055e718b8b6','1071b7b2-fb67-4a3c-922a-7fcb4b23ab26','id','1','#111111',null,'~',1,null, null,null,null,null,null,'N',0,null,'N','N','N',null,'N','N','N','input','id',28,NULL,'','id',null,'~',27,'2be0c6e0-177e-414f-9239-d395e810b49e','/common-ref/','-99',null,'N',null,null,null,'2020-11-10 09:14:04',null,'Y',null);
            go
            insert into pub_form_property(pk_form_property,areaid,classid,code,colnum,color,creationtime,creator,datatype,dataval,defaultvalue,defaultvar,define1,define2,define3,disabled,dr,editformula,hyperlinkflag,iscode,isdefined,ismultiselectedenabled,isnextrow,isrevise,istotal,itemtype,label,maxlength,metadataproperty,metaid,metapath,modifiedtime,modifier,position,proid,refcode,refname,relatemeta,required,resid,showformula,textrows,ts,validateformula,visible,width)
            values('0001ZZZZ7f3e7715c002','0001ZZZZd055e718b8b6','1071b7b2-fb67-4a3c-922a-7fcb4b23ab26','name','1','#111111',null,'~',1,null, null,null,null,null,null,'N',0,null,'N','N','N',null,'N','N','N','input','name',28,NULL,'','name',null,'~',28,'e9efbf99-7600-47b4-9871-0115153c9864','/common-ref/','-99',null,'N',null,null,null,'2020-11-10 09:14:04',null,'Y',null);
            go
            insert into pub_form_property(pk_form_property,areaid,classid,code,colnum,color,creationtime,creator,datatype,dataval,defaultvalue,defaultvar,define1,define2,define3,disabled,dr,editformula,hyperlinkflag,iscode,isdefined,ismultiselectedenabled,isnextrow,isrevise,istotal,itemtype,label,maxlength,metadataproperty,metaid,metapath,modifiedtime,modifier,position,proid,refcode,refname,relatemeta,required,resid,showformula,textrows,ts,validateformula,visible,width)
            values('0001ZZZZ7f3e7715c003','0001ZZZZd055e718b8b6','1071b7b2-fb67-4a3c-922a-7fcb4b23ab26','busitype','1','#111111',null,'~',204,'' , null,null,null,null,null,'N',0,null,'N','N','N',null,'N','N','N','refer','业务类型',28,'uap.BusitypeVO.businame','','busitype',null,'~',14,'f3d1517d-1907-4b5c-8f5c-638f4368795b','uap/refer/riart/busitype/index','业务流程',null,'N',null,null,null,'2020-11-10 09:14:04',null,'Y',null);
            go
            insert into pub_form_property(pk_form_property,areaid,classid,code,colnum,color,creationtime,creator,datatype,dataval,defaultvalue,defaultvar,define1,define2,define3,disabled,dr,editformula,hyperlinkflag,iscode,isdefined,ismultiselectedenabled,isnextrow,isrevise,istotal,itemtype,label,maxlength,metadataproperty,metaid,metapath,modifiedtime,modifier,position,proid,refcode,refname,relatemeta,required,resid,showformula,textrows,ts,validateformula,visible,width)
            values('0001ZZZZ7f3e7715c004','0001ZZZZd055e718b8b6','1071b7b2-fb67-4a3c-922a-7fcb4b23ab26','pk_m','1','#111111',null,'~',1,null, null,null,null,null,null,'N',0,null,'N','N','N',null,'N','N','N','input','主键',28,NULL,'','pk_m',null,'~',1,'05708ae4-b064-42e1-aab0-66531db2b5ad','/common-ref/','-99',null,'Y',null,null,null,'2020-11-10 09:14:04',null,'N',null);
            go
            insert into pub_form_property(pk_form_property,areaid,classid,code,colnum,color,creationtime,creator,datatype,dataval,defaultvalue,defaultvar,define1,define2,define3,disabled,dr,editformula,hyperlinkflag,iscode,isdefined,ismultiselectedenabled,isnextrow,isrevise,istotal,itemtype,label,maxlength,metadataproperty,metaid,metapath,modifiedtime,modifier,position,proid,refcode,refname,relatemeta,required,resid,showformula,textrows,ts,validateformula,visible,width)
            values('0001ZZZZ7f3e7715c005','0001ZZZZd055e718b8b6','1071b7b2-fb67-4a3c-922a-7fcb4b23ab26','transtype','1','#111111',null,'~',204,'' , null,null,null,null,null,'N',0,null,'N','N','N',null,'N','N','N','refer','交易类型',28,'riart.transtype.billtypename','','transtype',null,'~',20,'5a0413c0-e2a8-4878-a8b2-cd5cb13271ed','/common-ref/','交易类型',null,'N',null,null,null,'2020-11-10 09:14:04',null,'Y',null);
            go
            insert into pub_form_property(pk_form_property,areaid,classid,code,colnum,color,creationtime,creator,datatype,dataval,defaultvalue,defaultvar,define1,define2,define3,disabled,dr,editformula,hyperlinkflag,iscode,isdefined,ismultiselectedenabled,isnextrow,isrevise,istotal,itemtype,label,maxlength,metadataproperty,metaid,metapath,modifiedtime,modifier,position,proid,refcode,refname,relatemeta,required,resid,showformula,textrows,ts,validateformula,visible,width)
            values('0001ZZZZ7f3e7715c006','0001ZZZZd055e718b8b6','1071b7b2-fb67-4a3c-922a-7fcb4b23ab26','transtypepk','1','#111111',null,'~',1,null, null,null,null,null,null,'N',0,null,'N','N','N',null,'N','N','N','input','交易类型pk',28,NULL,'','transtypepk',null,'~',22,'78eaf110-4fd8-4f65-bc40-5e116147f3d7','/common-ref/','-99',null,'Y',null,null,null,'2020-11-10 09:14:04',null,'Y',null);
            go
            insert into pub_form_property(pk_form_property,areaid,classid,code,colnum,color,creationtime,creator,datatype,dataval,defaultvalue,defaultvar,define1,define2,define3,disabled,dr,editformula,hyperlinkflag,iscode,isdefined,ismultiselectedenabled,isnextrow,isrevise,istotal,itemtype,label,maxlength,metadataproperty,metaid,metapath,modifiedtime,modifier,position,proid,refcode,refname,relatemeta,required,resid,showformula,textrows,ts,validateformula,visible,width)
            values('0001ZZZZbe131fd661c5','0001ZZZZ10d7bf69ce70','1071b7b2-fb67-4a3c-922a-7fcb4b23ab26','modifier','1','#111111',null,'~',204,'', null,null,null,null,null,'N',0,null,'N','N','N',null,'N','N','N','refer','修改人',28,'uap.user.user_name','','modifier',null,'~',9,'b3a0ca71-04fa-4ab4-b37c-0121e321207a','uap/refer/riart/userDefaultRefer/index','用户',null,'N',null,null,null,'2020-11-10 09:14:04',null,'Y',null);
            go
            insert into pub_form_property(pk_form_property,areaid,classid,code,colnum,color,creationtime,creator,datatype,dataval,defaultvalue,defaultvar,define1,define2,define3,disabled,dr,editformula,hyperlinkflag,iscode,isdefined,ismultiselectedenabled,isnextrow,isrevise,istotal,itemtype,label,maxlength,metadataproperty,metaid,metapath,modifiedtime,modifier,position,proid,refcode,refname,relatemeta,required,resid,showformula,textrows,ts,validateformula,visible,width)
            values('0001ZZZZ46fc7b5414ce','0001ZZZZ10d7bf69ce70','1071b7b2-fb67-4a3c-922a-7fcb4b23ab26','modifiedtime','1','#111111',null,'~',34,null, null,null,null,null,null,'N',0,null,'N','N','N',null,'N','N','N','datetimepicker','修改时间',28,NULL,'','modifiedtime',null,'~',10,'15544882-0fe7-42fe-87c8-d792bfb3dbcc','/common-ref/','-99',null,'N',null,null,null,'2020-11-10 09:14:04',null,'Y',null);
            go
            insert into pub_form_property(pk_form_property,areaid,classid,code,colnum,color,creationtime,creator,datatype,dataval,defaultvalue,defaultvar,define1,define2,define3,disabled,dr,editformula,hyperlinkflag,iscode,isdefined,ismultiselectedenabled,isnextrow,isrevise,istotal,itemtype,label,maxlength,metadataproperty,metaid,metapath,modifiedtime,modifier,position,proid,refcode,refname,relatemeta,required,resid,showformula,textrows,ts,validateformula,visible,width)
            values('0001ZZZZ7f3e7715c009','0001ZZZZd055e718b8b6','1071b7b2-fb67-4a3c-922a-7fcb4b23ab26','emendenum','1','#111111',null,'~',4,null, null,null,null,null,null,'N',0,null,'N','N','N',null,'N','N','N','number','修订枚举',28,NULL,'','emendenum',null,'~',25,'9c566cdc-31d4-405a-88bc-87107a69dad4','/common-ref/','-99',null,'N',null,null,null,'2020-11-10 09:14:04',null,'Y',null);
            go
            insert into pub_form_property(pk_form_property,areaid,classid,code,colnum,color,creationtime,creator,datatype,dataval,defaultvalue,defaultvar,define1,define2,define3,disabled,dr,editformula,hyperlinkflag,iscode,isdefined,ismultiselectedenabled,isnextrow,isrevise,istotal,itemtype,label,maxlength,metadataproperty,metaid,metapath,modifiedtime,modifier,position,proid,refcode,refname,relatemeta,required,resid,showformula,textrows,ts,validateformula,visible,width)
            values('0001ZZZZ4131bf690f16','0001ZZZZ10d7bf69ce70','1071b7b2-fb67-4a3c-922a-7fcb4b23ab26','creator','1','#111111',null,'~',204,'', null,null,null,null,null,'N',0,null,'N','N','N',null,'N','N','N','refer','创建人',28,'uap.user.user_name','','creator',null,'~',7,'e86ddece-c191-4e8d-b4f1-b5ed37893265','uap/refer/riart/userDefaultRefer/index','用户',null,'N',null,null,null,'2020-11-10 09:14:04',null,'Y',null);
            go
            insert into pub_form_property(pk_form_property,areaid,classid,code,colnum,color,creationtime,creator,datatype,dataval,defaultvalue,defaultvar,define1,define2,define3,disabled,dr,editformula,hyperlinkflag,iscode,isdefined,ismultiselectedenabled,isnextrow,isrevise,istotal,itemtype,label,maxlength,metadataproperty,metaid,metapath,modifiedtime,modifier,position,proid,refcode,refname,relatemeta,required,resid,showformula,textrows,ts,validateformula,visible,width)
            values('0001ZZZZ2ec8c6e226f7','0001ZZZZ10d7bf69ce70','1071b7b2-fb67-4a3c-922a-7fcb4b23ab26','creationtime','1','#111111',null,'~',34,null, null,null,null,null,null,'N',0,null,'N','N','N',null,'N','N','N','datetimepicker','创建时间',28,NULL,'','creationtime',null,'~',8,'7f015b43-1c1a-4798-a25d-9a43dac31159','/common-ref/','-99',null,'N',null,null,null,'2020-11-10 09:14:04',null,'Y',null);
            go
            insert into pub_form_property(pk_form_property,areaid,classid,code,colnum,color,creationtime,creator,datatype,dataval,defaultvalue,defaultvar,define1,define2,define3,disabled,dr,editformula,hyperlinkflag,iscode,isdefined,ismultiselectedenabled,isnextrow,isrevise,istotal,itemtype,label,maxlength,metadataproperty,metaid,metapath,modifiedtime,modifier,position,proid,refcode,refname,relatemeta,required,resid,showformula,textrows,ts,validateformula,visible,width)
            values('0001ZZZZ7f3e7715c012','0001ZZZZd055e718b8b6','1071b7b2-fb67-4a3c-922a-7fcb4b23ab26','billmaker','1','#111111',null,'~',1,null, null,null,null,null,null,'N',0,null,'N','N','N',null,'N','N','N','input','制单人',28,NULL,'','billmaker',null,'~',15,'dc36499b-90d2-4080-b527-b7642456fb94','/common-ref/','-99',null,'N',null,null,null,'2020-11-10 09:14:04',null,'Y',null);
            go
            insert into pub_form_property(pk_form_property,areaid,classid,code,colnum,color,creationtime,creator,datatype,dataval,defaultvalue,defaultvar,define1,define2,define3,disabled,dr,editformula,hyperlinkflag,iscode,isdefined,ismultiselectedenabled,isnextrow,isrevise,istotal,itemtype,label,maxlength,metadataproperty,metaid,metapath,modifiedtime,modifier,position,proid,refcode,refname,relatemeta,required,resid,showformula,textrows,ts,validateformula,visible,width)
            values('0001ZZZZ7f3e7715c013','0001ZZZZd055e718b8b6','1071b7b2-fb67-4a3c-922a-7fcb4b23ab26','maketime','1','#111111',null,'~',34,null, null,null,null,null,null,'N',0,null,'N','N','N',null,'N','N','N','datetimepicker','制单时间',28,NULL,'','maketime',null,'~',29,'12a19ee2-2cbd-43d9-86d0-aad98e6c08ea','/common-ref/','-99',null,'Y',null,null,null,'2020-11-10 09:14:04',null,'Y',null);
            go
            insert into pub_form_property(pk_form_property,areaid,classid,code,colnum,color,creationtime,creator,datatype,dataval,defaultvalue,defaultvar,define1,define2,define3,disabled,dr,editformula,hyperlinkflag,iscode,isdefined,ismultiselectedenabled,isnextrow,isrevise,istotal,itemtype,label,maxlength,metadataproperty,metaid,metapath,modifiedtime,modifier,position,proid,refcode,refname,relatemeta,required,resid,showformula,textrows,ts,validateformula,visible,width)
            values('0001ZZZZ7f3e7715c014','0001ZZZZd055e718b8b6','1071b7b2-fb67-4a3c-922a-7fcb4b23ab26','billid','1','#111111',null,'~',1,null, null,null,null,null,null,'N',0,null,'N','N','N',null,'N','N','N','input','单据ID',28,NULL,'','billid',null,'~',11,'e341d8e1-ad66-405f-809f-ca61557ab06b','/common-ref/','-99',null,'N',null,null,null,'2020-11-10 09:14:04',null,'Y',null);
            go
            insert into pub_form_property(pk_form_property,areaid,classid,code,colnum,color,creationtime,creator,datatype,dataval,defaultvalue,defaultvar,define1,define2,define3,disabled,dr,editformula,hyperlinkflag,iscode,isdefined,ismultiselectedenabled,isnextrow,isrevise,istotal,itemtype,label,maxlength,metadataproperty,metaid,metapath,modifiedtime,modifier,position,proid,refcode,refname,relatemeta,required,resid,showformula,textrows,ts,validateformula,visible,width)
            values('0001ZZZZ7f3e7715c015','0001ZZZZd055e718b8b6','1071b7b2-fb67-4a3c-922a-7fcb4b23ab26','billno','1','#111111',null,'~',1,null, null,null,null,null,null,'N',0,null,'N','N','N',null,'N','N','N','input','单据号',28,NULL,'','billno',null,'~',12,'20c7a214-2c96-4de3-8d34-15b85a932524','/common-ref/','-99',null,'N',null,null,null,'2020-11-10 09:14:04',null,'Y',null);
            go
            insert into pub_form_property(pk_form_property,areaid,classid,code,colnum,color,creationtime,creator,datatype,dataval,defaultvalue,defaultvar,define1,define2,define3,disabled,dr,editformula,hyperlinkflag,iscode,isdefined,ismultiselectedenabled,isnextrow,isrevise,istotal,itemtype,label,maxlength,metadataproperty,metaid,metapath,modifiedtime,modifier,position,proid,refcode,refname,relatemeta,required,resid,showformula,textrows,ts,validateformula,visible,width)
            values('0001ZZZZ7f3e7715c016','0001ZZZZd055e718b8b6','1071b7b2-fb67-4a3c-922a-7fcb4b23ab26','billversionpk','1','#111111',null,'~',1,null, null,null,null,null,null,'N',0,null,'N','N','N',null,'N','N','N','input','单据版本pk',28,NULL,'','billversionpk',null,'~',26,'5d611a5b-2542-4bee-8aba-a707f4387baa','/common-ref/','-99',null,'N',null,null,null,'2020-11-10 09:14:04',null,'Y',null);
            go
            insert into pub_form_property(pk_form_property,areaid,classid,code,colnum,color,creationtime,creator,datatype,dataval,defaultvalue,defaultvar,define1,define2,define3,disabled,dr,editformula,hyperlinkflag,iscode,isdefined,ismultiselectedenabled,isnextrow,isrevise,istotal,itemtype,label,maxlength,metadataproperty,metaid,metapath,modifiedtime,modifier,position,proid,refcode,refname,relatemeta,required,resid,showformula,textrows,ts,validateformula,visible,width)
            values('0001ZZZZ7f3e7715c017','0001ZZZZd055e718b8b6','1071b7b2-fb67-4a3c-922a-7fcb4b23ab26','billtype','1','#111111',null,'~',204,'' , null,null,null,null,null,'N',0,null,'N','N','N',null,'N','N','N','refer','单据类型',28,'uap.BilltypeVO.billtypename','','billtype',null,'~',21,'839c5d7b-8295-4ed2-ac74-6b7a85f530b8','uap/refer/riart/billtype/index','影响因素单据类型',null,'N',null,null,null,'2020-11-10 09:14:04',null,'Y',null);
            go
            insert into pub_form_property(pk_form_property,areaid,classid,code,colnum,color,creationtime,creator,datatype,dataval,defaultvalue,defaultvar,define1,define2,define3,disabled,dr,editformula,hyperlinkflag,iscode,isdefined,ismultiselectedenabled,isnextrow,isrevise,istotal,itemtype,label,maxlength,metadataproperty,metaid,metapath,modifiedtime,modifier,position,proid,refcode,refname,relatemeta,required,resid,showformula,textrows,ts,validateformula,visible,width)
            values('0001ZZZZ390733cd5d47','0001ZZZZ10d7bf69ce70','1071b7b2-fb67-4a3c-922a-7fcb4b23ab26','approver','1','#111111',null,'~',1,null, null,null,null,null,null,'N',0,null,'N','N','N',null,'N','N','N','input','审批人',28,NULL,'','approver',null,'~',16,'88c8619b-9ec1-4175-a1e2-5432ad44fd1c','/common-ref/','-99',null,'N',null,null,null,'2020-11-10 09:14:04',null,'Y',null);
            go
            insert into pub_form_property(pk_form_property,areaid,classid,code,colnum,color,creationtime,creator,datatype,dataval,defaultvalue,defaultvar,define1,define2,define3,disabled,dr,editformula,hyperlinkflag,iscode,isdefined,ismultiselectedenabled,isnextrow,isrevise,istotal,itemtype,label,maxlength,metadataproperty,metaid,metapath,modifiedtime,modifier,position,proid,refcode,refname,relatemeta,required,resid,showformula,textrows,ts,validateformula,visible,width)
            values('0001ZZZZ446ae16d9f3d','0001ZZZZ10d7bf69ce70','1071b7b2-fb67-4a3c-922a-7fcb4b23ab26','approvenote','1','#111111',null,'~',1,null, null,null,null,null,null,'N',0,null,'N','N','N',null,'N','N','N','input','审批批语',28,NULL,'','approvenote',null,'~',18,'8bf67f6d-8c16-4a24-a3ab-c27d13983087','/common-ref/','-99',null,'N',null,null,null,'2020-11-10 09:14:04',null,'Y',null);
            go
            insert into pub_form_property(pk_form_property,areaid,classid,code,colnum,color,creationtime,creator,datatype,dataval,defaultvalue,defaultvar,define1,define2,define3,disabled,dr,editformula,hyperlinkflag,iscode,isdefined,ismultiselectedenabled,isnextrow,isrevise,istotal,itemtype,label,maxlength,metadataproperty,metaid,metapath,modifiedtime,modifier,position,proid,refcode,refname,relatemeta,required,resid,showformula,textrows,ts,validateformula,visible,width)
            values('0001ZZZZ5981484eed33','0001ZZZZ10d7bf69ce70','1071b7b2-fb67-4a3c-922a-7fcb4b23ab26','approvedate','1','#111111',null,'~',34,null, null,null,null,null,null,'N',0,null,'N','N','N',null,'N','N','N','datetimepicker','审批时间',28,NULL,'','approvedate',null,'~',19,'dcb298ba-9063-4fb2-805f-8ac923c9e8be','/common-ref/','-99',null,'N',null,null,null,'2020-11-10 09:14:04',null,'Y',null);
            go
            insert into pub_form_property(pk_form_property,areaid,classid,code,colnum,color,creationtime,creator,datatype,dataval,defaultvalue,defaultvar,define1,define2,define3,disabled,dr,editformula,hyperlinkflag,iscode,isdefined,ismultiselectedenabled,isnextrow,isrevise,istotal,itemtype,label,maxlength,metadataproperty,metaid,metapath,modifiedtime,modifier,position,proid,refcode,refname,relatemeta,required,resid,showformula,textrows,ts,validateformula,visible,width)
            values('0001ZZZZ7f3e7715c021','0001ZZZZd055e718b8b6','1071b7b2-fb67-4a3c-922a-7fcb4b23ab26','approvestatus','1','#111111',null,'~',203,'自由=-1,审批未通过=0,审批通过=1,审批进行中=2,提交=3', null,null,null,null,null,'N',0,null,'N','N','N',null,'N','N','N','select','审批状态',28,NULL,'','approvestatus',null,'~',17,'359887c2-e7fa-4ffc-8ae6-cc1ef0b034d7','/common-ref/','-99',null,'N',null,null,null,'2020-11-10 09:14:04',null,'Y',null);
            go
            insert into pub_form_property(pk_form_property,areaid,classid,code,colnum,color,creationtime,creator,datatype,dataval,defaultvalue,defaultvar,define1,define2,define3,disabled,dr,editformula,hyperlinkflag,iscode,isdefined,ismultiselectedenabled,isnextrow,isrevise,istotal,itemtype,label,maxlength,metadataproperty,metaid,metapath,modifiedtime,modifier,position,proid,refcode,refname,relatemeta,required,resid,showformula,textrows,ts,validateformula,visible,width)
            values('0001ZZZZ7f3e7715c022','0001ZZZZd055e718b8b6','1071b7b2-fb67-4a3c-922a-7fcb4b23ab26','pkorg','1','#111111',null,'~',1,null, null,null,null,null,null,'N',0,null,'N','N','N',null,'N','N','N','input','所属组织',28,NULL,'','pkorg',null,'~',13,'e9e91581-d340-4565-a805-155a21d120c2','/common-ref/','-99',null,'N',null,null,null,'2020-11-10 09:14:04',null,'Y',null);
            go
            insert into pub_form_property(pk_form_property,areaid,classid,code,colnum,color,creationtime,creator,datatype,dataval,defaultvalue,defaultvar,define1,define2,define3,disabled,dr,editformula,hyperlinkflag,iscode,isdefined,ismultiselectedenabled,isnextrow,isrevise,istotal,itemtype,label,maxlength,metadataproperty,metaid,metapath,modifiedtime,modifier,position,proid,refcode,refname,relatemeta,required,resid,showformula,textrows,ts,validateformula,visible,width)
            values('0001ZZZZ7f3e7715c023','0001ZZZZd055e718b8b6','1071b7b2-fb67-4a3c-922a-7fcb4b23ab26','lastmaketime','1','#111111',null,'~',34,null, null,null,null,null,null,'N',0,null,'N','N','N',null,'N','N','N','datetimepicker','最后修改时间',28,NULL,'','lastmaketime',null,'~',30,'53bff7d5-8f8c-496e-b55b-b83d66cd8e17','/common-ref/','-99',null,'N',null,null,null,'2020-11-10 09:14:04',null,'Y',null);
            go
            insert into pub_form_property(pk_form_property,areaid,classid,code,colnum,color,creationtime,creator,datatype,dataval,defaultvalue,defaultvar,define1,define2,define3,disabled,dr,editformula,hyperlinkflag,iscode,isdefined,ismultiselectedenabled,isnextrow,isrevise,istotal,itemtype,label,maxlength,metadataproperty,metaid,metapath,modifiedtime,modifier,position,proid,refcode,refname,relatemeta,required,resid,showformula,textrows,ts,validateformula,visible,width)
            values('0001ZZZZ7f3e7715c024','0001ZZZZd055e718b8b6','1071b7b2-fb67-4a3c-922a-7fcb4b23ab26','srcbillid','1','#111111',null,'~',1,null, null,null,null,null,null,'N',0,null,'N','N','N',null,'N','N','N','input','来源单据id',28,NULL,'','srcbillid',null,'~',24,'df206bc0-e68b-4b00-bc36-05be286f653b','/common-ref/','-99',null,'N',null,null,null,'2020-11-10 09:14:04',null,'Y',null);
            go
            insert into pub_form_property(pk_form_property,areaid,classid,code,colnum,color,creationtime,creator,datatype,dataval,defaultvalue,defaultvar,define1,define2,define3,disabled,dr,editformula,hyperlinkflag,iscode,isdefined,ismultiselectedenabled,isnextrow,isrevise,istotal,itemtype,label,maxlength,metadataproperty,metaid,metapath,modifiedtime,modifier,position,proid,refcode,refname,relatemeta,required,resid,showformula,textrows,ts,validateformula,visible,width)
            values('0001ZZZZ7f3e7715c025','0001ZZZZd055e718b8b6','1071b7b2-fb67-4a3c-922a-7fcb4b23ab26','srcbilltype','1','#111111',null,'~',1,null, null,null,null,null,null,'N',0,null,'N','N','N',null,'N','N','N','input','来源单据类型',28,NULL,'','srcbilltype',null,'~',23,'c61497be-d5f1-42da-8af2-a3c91db11339','/common-ref/','-99',null,'N',null,null,null,'2020-11-10 09:14:04',null,'Y',null);
            go
            insert into pub_form_property(pk_form_property,areaid,classid,code,colnum,color,creationtime,creator,datatype,dataval,defaultvalue,defaultvar,define1,define2,define3,disabled,dr,editformula,hyperlinkflag,iscode,isdefined,ismultiselectedenabled,isnextrow,isrevise,istotal,itemtype,label,maxlength,metadataproperty,metaid,metapath,modifiedtime,modifier,position,proid,refcode,refname,relatemeta,required,resid,showformula,textrows,ts,validateformula,visible,width)
            values('0001ZZZZ7f3e7715c026','0001ZZZZd055e718b8b6','1071b7b2-fb67-4a3c-922a-7fcb4b23ab26','pk_org','1','#111111',null,'~',204,'' , null,null,null,null,null,'N',0,null,'N','N','N',null,'N','N','N','refer','组织',28,'uap.org.name','','pk_org',null,'~',5,'91a89118-5fa3-4389-9b98-be60d1a158e0','uapbd/refer/org/OrgAndOrgTypeCompositeOnlyEnableDataTreeRef/index','组织类型分类的组织单元',null,'N',null,null,null,'2020-11-10 09:14:04',null,'Y',null);
            go
            insert into pub_form_property(pk_form_property,areaid,classid,code,colnum,color,creationtime,creator,datatype,dataval,defaultvalue,defaultvar,define1,define2,define3,disabled,dr,editformula,hyperlinkflag,iscode,isdefined,ismultiselectedenabled,isnextrow,isrevise,istotal,itemtype,label,maxlength,metadataproperty,metaid,metapath,modifiedtime,modifier,position,proid,refcode,refname,relatemeta,required,resid,showformula,textrows,ts,validateformula,visible,width)
            values('0001ZZZZ7f3e7715c027','0001ZZZZd055e718b8b6','1071b7b2-fb67-4a3c-922a-7fcb4b23ab26','pk_org_v','1','#111111',null,'~',204,'' , null,null,null,null,null,'N',0,null,'N','N','N',null,'N','N','N','refer','组织版本',28,'uap.org_v.name','','pk_org_v',null,'~',6,'65c5a605-ba90-4b90-a8e5-eda5e1fb81c5','uapbd/refer/orgv/BusinessUnitVersionDefaultAllTreeRef/index','业务单元版本(所有)',null,'N',null,null,null,'2020-11-10 09:14:04',null,'N',null);
            go
            insert into pub_form_property(pk_form_property,areaid,classid,code,colnum,color,creationtime,creator,datatype,dataval,defaultvalue,defaultvar,define1,define2,define3,disabled,dr,editformula,hyperlinkflag,iscode,isdefined,ismultiselectedenabled,isnextrow,isrevise,istotal,itemtype,label,maxlength,metadataproperty,metaid,metapath,modifiedtime,modifier,position,proid,refcode,refname,relatemeta,required,resid,showformula,textrows,ts,validateformula,visible,width)
            values('0001ZZZZ7f3e7715c028','0001ZZZZd055e718b8b6','1071b7b2-fb67-4a3c-922a-7fcb4b23ab26','code','1','#111111',null,'~',1,null, null,null,null,null,null,'N',0,null,'N','N','N',null,'N','N','N','input','编码',28,NULL,'','code',null,'~',2,'7bf34321-ddcf-4d1e-bae3-ebf9a8844033','/common-ref/','-99',null,'N',null,null,null,'2020-11-10 09:14:04',null,'Y',null);
            go
            insert into pub_form_property(pk_form_property,areaid,classid,code,colnum,color,creationtime,creator,datatype,dataval,defaultvalue,defaultvar,define1,define2,define3,disabled,dr,editformula,hyperlinkflag,iscode,isdefined,ismultiselectedenabled,isnextrow,isrevise,istotal,itemtype,label,maxlength,metadataproperty,metaid,metapath,modifiedtime,modifier,position,proid,refcode,refname,relatemeta,required,resid,showformula,textrows,ts,validateformula,visible,width)
            values('0001ZZZZ7f3e7715c029','0001ZZZZd055e718b8b6','1071b7b2-fb67-4a3c-922a-7fcb4b23ab26','rowno','1','#111111',null,'~',1,null, null,null,null,null,null,'N',0,null,'N','N','N',null,'N','N','N','input','行号',28,NULL,'','rowno',null,'~',31,'5ee0491c-7c69-4488-bd2f-590bb6086981','/common-ref/','-99',null,'N',null,null,null,'2020-11-10 09:14:04',null,'Y',null);
            go
            insert into pub_form_property(pk_form_property,areaid,classid,code,colnum,color,creationtime,creator,datatype,dataval,defaultvalue,defaultvar,define1,define2,define3,disabled,dr,editformula,hyperlinkflag,iscode,isdefined,ismultiselectedenabled,isnextrow,isrevise,istotal,itemtype,label,maxlength,metadataproperty,metaid,metapath,modifiedtime,modifier,position,proid,refcode,refname,relatemeta,required,resid,showformula,textrows,ts,validateformula,visible,width)
            values('0001ZZZZ7f3e7715c030','0001ZZZZd055e718b8b6','1071b7b2-fb67-4a3c-922a-7fcb4b23ab26','pk_group','1','#111111',null,'~',204,'' , null,null,null,null,null,'N',0,null,'N','N','N',null,'N','N','N','refer','集团',28,'uap.group.name','','pk_group',null,'~',4,'bef75929-90a9-4549-b386-8b7a11576d28','uap/refer/riart/groupTreeRef/index','集团',null,'Y',null,null,null,'2020-11-10 09:14:04',null,'Y',null);
            go






            insert into pub_form_property(pk_form_property,areaid,classid,code,colnum,color,creationtime,creator,datatype,dataval,defaultvalue,defaultvar,define1,define2,define3,disabled,dr,editformula,hyperlinkflag,iscode,isdefined,ismultiselectedenabled,isnextrow,isrevise,istotal,itemtype,label,maxlength,metadataproperty,metaid,metapath,modifiedtime,modifier,position,proid,refcode,refname,relatemeta,required,resid,showformula,textrows,ts,validateformula,visible,width)
            values('0001ZZZZc87195df1001','0001ZZZZ62b2769e07af','3c61705c-3b9e-4e53-8cd9-f3ee7fcbfe43','amount','1','#111111',null,'~',52,null, null,null,null,null,null,'N',0,null,'N','N','N',null,'N','N','N','number','总金额',28,NULL,'','id_subentity.amount',null,'~',2,'459258a1-46b8-46f0-bb27-d6273c00cd43',null,null,null,'N',null,null,null,'2020-11-10 09:14:04',null,'Y',null);
            go

            insert into pub_form_property(pk_form_property,areaid,classid,code,colnum,color,creationtime,creator,datatype,dataval,defaultvalue,defaultvar,define1,define2,define3,disabled,dr,editformula,hyperlinkflag,iscode,isdefined,ismultiselectedenabled,isnextrow,isrevise,istotal,itemtype,label,maxlength,metadataproperty,metaid,metapath,modifiedtime,modifier,position,proid,refcode,refname,relatemeta,required,resid,showformula,textrows,ts,validateformula,visible,width)
            values('0001ZZZZbdeac9c26001','0001ZZZZ7c5c1c272df3','3c61705c-3b9e-4e53-8cd9-f3ee7fcbfe43','amount','1','#111111',null,'~',52,null, null,null,null,null,null,'N',0,null,'N','N','N',null,'N','N','N','number','总金额',28,NULL,'','id_subentity.amount',null,'~',2,'fe1eea5c-bbd1-4032-9aa0-893fb0c67ab9',null,null,null,'N',null,null,null,'2020-11-10 09:14:04',null,'Y',null);
            go

            insert into pub_form_property(pk_form_property,areaid,classid,code,colnum,color,creationtime,creator,datatype,dataval,defaultvalue,defaultvar,define1,define2,define3,disabled,dr,editformula,hyperlinkflag,iscode,isdefined,ismultiselectedenabled,isnextrow,isrevise,istotal,itemtype,label,maxlength,metadataproperty,metaid,metapath,modifiedtime,modifier,position,proid,refcode,refname,relatemeta,required,resid,showformula,textrows,ts,validateformula,visible,width)
            values('0001ZZZZ98e8ebc0f001','0001ZZZZe4a09f1b3423','3c61705c-3b9e-4e53-8cd9-f3ee7fcbfe43','amount','1','#111111',null,'~',52,null, null,null,null,null,null,'N',0,null,'N','N','N',null,'N','N','N','number','总金额',28,NULL,'','id_subentity.amount',null,'~',2,'5c67650e-a463-4367-8e4f-6ef36335c94d',null,null,null,'N',null,null,null,'2020-11-10 09:14:04',null,'Y',null);
            go











            insert into pub_form_property(pk_form_property,areaid,classid,code,colnum,color,creationtime,creator,datatype,dataval,defaultvalue,defaultvar,define1,define2,define3,disabled,dr,editformula,hyperlinkflag,iscode,isdefined,ismultiselectedenabled,isnextrow,isrevise,istotal,itemtype,label,maxlength,metadataproperty,metaid,metapath,modifiedtime,modifier,position,proid,refcode,refname,relatemeta,required,resid,showformula,textrows,ts,validateformula,visible,width)
            values('0001ZZZZ41a1b6d0f000','0001ZZZZ0c0f476c7a82','1071b7b2-fb67-4a3c-922a-7fcb4b23ab26','id','1','#111111',null,'~',1,null, null,null,null,null,null,'N',0,null,'N','N','N',null,'N','N','N','input','id',28,NULL,'','id',null,'~',27,'7ebf45ec-c4b3-4f9d-a78e-be001d64cade','/common-ref/','-99',null,'N',null,null,null,'2020-11-10 09:14:04',null,'Y',null);
            go
            insert into pub_form_property(pk_form_property,areaid,classid,code,colnum,color,creationtime,creator,datatype,dataval,defaultvalue,defaultvar,define1,define2,define3,disabled,dr,editformula,hyperlinkflag,iscode,isdefined,ismultiselectedenabled,isnextrow,isrevise,istotal,itemtype,label,maxlength,metadataproperty,metaid,metapath,modifiedtime,modifier,position,proid,refcode,refname,relatemeta,required,resid,showformula,textrows,ts,validateformula,visible,width)
            values('0001ZZZZ41a1b6d0f002','0001ZZZZ0c0f476c7a82','1071b7b2-fb67-4a3c-922a-7fcb4b23ab26','name','1','#111111',null,'~',1,null, null,null,null,null,null,'N',0,null,'N','N','N',null,'N','N','N','input','name',28,NULL,'','name',null,'~',28,'92ea99c5-e730-4298-832f-6eda47080a39','/common-ref/','-99',null,'N',null,null,null,'2020-11-10 09:14:04',null,'Y',null);
            go
            insert into pub_form_property(pk_form_property,areaid,classid,code,colnum,color,creationtime,creator,datatype,dataval,defaultvalue,defaultvar,define1,define2,define3,disabled,dr,editformula,hyperlinkflag,iscode,isdefined,ismultiselectedenabled,isnextrow,isrevise,istotal,itemtype,label,maxlength,metadataproperty,metaid,metapath,modifiedtime,modifier,position,proid,refcode,refname,relatemeta,required,resid,showformula,textrows,ts,validateformula,visible,width)
            values('0001ZZZZ41a1b6d0f003','0001ZZZZ0c0f476c7a82','1071b7b2-fb67-4a3c-922a-7fcb4b23ab26','busitype','1','#111111',null,'~',204,null, null,null,null,null,null,'N',0,null,'N','N','N',null,'N','N','N','refer','业务类型',28,'uap.BusitypeVO.businame','','busitype',null,'~',14,'c90d95a2-f075-4304-a092-ae688a2fe59c','uap/refer/riart/busitype/index','业务流程',null,'N',null,null,null,'2020-11-10 09:14:04',null,'Y',null);
            go
            insert into pub_form_property(pk_form_property,areaid,classid,code,colnum,color,creationtime,creator,datatype,dataval,defaultvalue,defaultvar,define1,define2,define3,disabled,dr,editformula,hyperlinkflag,iscode,isdefined,ismultiselectedenabled,isnextrow,isrevise,istotal,itemtype,label,maxlength,metadataproperty,metaid,metapath,modifiedtime,modifier,position,proid,refcode,refname,relatemeta,required,resid,showformula,textrows,ts,validateformula,visible,width)
            values('0001ZZZZ41a1b6d0f004','0001ZZZZ0c0f476c7a82','1071b7b2-fb67-4a3c-922a-7fcb4b23ab26','pk_m','1','#111111',null,'~',1,null, null,null,null,null,null,'N',0,null,'N','N','N',null,'N','N','N','input','主键',28,NULL,'','pk_m',null,'~',1,'f8902c64-8e11-4dfb-9d56-6fd026d097c9','/common-ref/','-99',null,'Y',null,null,null,'2020-11-10 09:14:04',null,'N',null);
            go
            insert into pub_form_property(pk_form_property,areaid,classid,code,colnum,color,creationtime,creator,datatype,dataval,defaultvalue,defaultvar,define1,define2,define3,disabled,dr,editformula,hyperlinkflag,iscode,isdefined,ismultiselectedenabled,isnextrow,isrevise,istotal,itemtype,label,maxlength,metadataproperty,metaid,metapath,modifiedtime,modifier,position,proid,refcode,refname,relatemeta,required,resid,showformula,textrows,ts,validateformula,visible,width)
            values('0001ZZZZ41a1b6d0f005','0001ZZZZ0c0f476c7a82','1071b7b2-fb67-4a3c-922a-7fcb4b23ab26','transtype','1','#111111',null,'~',204,null, null,null,null,null,null,'N',0,null,'N','N','N',null,'N','N','N','refer','交易类型',28,'riart.transtype.billtypename','','transtype',null,'~',20,'ebe4cf36-7def-4a80-8bf9-23f353f6895e','/common-ref/','交易类型',null,'N',null,null,null,'2020-11-10 09:14:04',null,'Y',null);
            go
            insert into pub_form_property(pk_form_property,areaid,classid,code,colnum,color,creationtime,creator,datatype,dataval,defaultvalue,defaultvar,define1,define2,define3,disabled,dr,editformula,hyperlinkflag,iscode,isdefined,ismultiselectedenabled,isnextrow,isrevise,istotal,itemtype,label,maxlength,metadataproperty,metaid,metapath,modifiedtime,modifier,position,proid,refcode,refname,relatemeta,required,resid,showformula,textrows,ts,validateformula,visible,width)
            values('0001ZZZZ41a1b6d0f006','0001ZZZZ0c0f476c7a82','1071b7b2-fb67-4a3c-922a-7fcb4b23ab26','transtypepk','1','#111111',null,'~',1,null, null,null,null,null,null,'N',0,null,'N','N','N',null,'N','N','N','input','交易类型pk',28,NULL,'','transtypepk',null,'~',22,'0f95b0dc-da4d-4d57-87f8-730633fffb60','/common-ref/','-99',null,'Y',null,null,null,'2020-11-10 09:14:04',null,'Y',null);
            go
            insert into pub_form_property(pk_form_property,areaid,classid,code,colnum,color,creationtime,creator,datatype,dataval,defaultvalue,defaultvar,define1,define2,define3,disabled,dr,editformula,hyperlinkflag,iscode,isdefined,ismultiselectedenabled,isnextrow,isrevise,istotal,itemtype,label,maxlength,metadataproperty,metaid,metapath,modifiedtime,modifier,position,proid,refcode,refname,relatemeta,required,resid,showformula,textrows,ts,validateformula,visible,width)
            values('0001ZZZZd8e06568eb5c','0001ZZZZ84368a3985ec','1071b7b2-fb67-4a3c-922a-7fcb4b23ab26','modifier','1','#111111',null,'~',204,null, null,null,null,null,null,'N',0,null,'N','N','N',null,'N','N','N','refer','修改人',28,'uap.user.user_name','','modifier',null,'~',9,'421431ae-2888-4466-84d1-716988e7ddab','uap/refer/riart/userDefaultRefer/index','用户',null,'N',null,null,null,'2020-11-10 09:14:04',null,'Y',null);
            go
            insert into pub_form_property(pk_form_property,areaid,classid,code,colnum,color,creationtime,creator,datatype,dataval,defaultvalue,defaultvar,define1,define2,define3,disabled,dr,editformula,hyperlinkflag,iscode,isdefined,ismultiselectedenabled,isnextrow,isrevise,istotal,itemtype,label,maxlength,metadataproperty,metaid,metapath,modifiedtime,modifier,position,proid,refcode,refname,relatemeta,required,resid,showformula,textrows,ts,validateformula,visible,width)
            values('0001ZZZZ7a01c728b385','0001ZZZZ84368a3985ec','1071b7b2-fb67-4a3c-922a-7fcb4b23ab26','modifiedtime','1','#111111',null,'~',34,null, null,null,null,null,null,'N',0,null,'N','N','N',null,'N','N','N','datetimepicker','修改时间',28,NULL,'','modifiedtime',null,'~',10,'6604eb67-8f93-4ed1-be07-793ddd890877','/common-ref/','-99',null,'N',null,null,null,'2020-11-10 09:14:04',null,'Y',null);
            go
            insert into pub_form_property(pk_form_property,areaid,classid,code,colnum,color,creationtime,creator,datatype,dataval,defaultvalue,defaultvar,define1,define2,define3,disabled,dr,editformula,hyperlinkflag,iscode,isdefined,ismultiselectedenabled,isnextrow,isrevise,istotal,itemtype,label,maxlength,metadataproperty,metaid,metapath,modifiedtime,modifier,position,proid,refcode,refname,relatemeta,required,resid,showformula,textrows,ts,validateformula,visible,width)
            values('0001ZZZZ41a1b6d0f009','0001ZZZZ0c0f476c7a82','1071b7b2-fb67-4a3c-922a-7fcb4b23ab26','emendenum','1','#111111',null,'~',4,null, null,null,null,null,null,'N',0,null,'N','N','N',null,'N','N','N','number','修订枚举',28,NULL,'','emendenum',null,'~',25,'2ebce012-c3b0-4be7-b82f-c006d5c6b84b','/common-ref/','-99',null,'N',null,null,null,'2020-11-10 09:14:04',null,'Y',null);
            go
            insert into pub_form_property(pk_form_property,areaid,classid,code,colnum,color,creationtime,creator,datatype,dataval,defaultvalue,defaultvar,define1,define2,define3,disabled,dr,editformula,hyperlinkflag,iscode,isdefined,ismultiselectedenabled,isnextrow,isrevise,istotal,itemtype,label,maxlength,metadataproperty,metaid,metapath,modifiedtime,modifier,position,proid,refcode,refname,relatemeta,required,resid,showformula,textrows,ts,validateformula,visible,width)
            values('0001ZZZZ06f8af85dd67','0001ZZZZ84368a3985ec','1071b7b2-fb67-4a3c-922a-7fcb4b23ab26','creator','1','#111111',null,'~',204,null, null,null,null,null,null,'N',0,null,'N','N','N',null,'N','N','N','refer','创建人',28,'uap.user.user_name','','creator',null,'~',7,'712640d6-8b0a-4c67-9c44-99cd34649286','uap/refer/riart/userDefaultRefer/index','用户',null,'N',null,null,null,'2020-11-10 09:14:04',null,'Y',null);
            go
            insert into pub_form_property(pk_form_property,areaid,classid,code,colnum,color,creationtime,creator,datatype,dataval,defaultvalue,defaultvar,define1,define2,define3,disabled,dr,editformula,hyperlinkflag,iscode,isdefined,ismultiselectedenabled,isnextrow,isrevise,istotal,itemtype,label,maxlength,metadataproperty,metaid,metapath,modifiedtime,modifier,position,proid,refcode,refname,relatemeta,required,resid,showformula,textrows,ts,validateformula,visible,width)
            values('0001ZZZZ5f00b15565e4','0001ZZZZ84368a3985ec','1071b7b2-fb67-4a3c-922a-7fcb4b23ab26','creationtime','1','#111111',null,'~',34,null, null,null,null,null,null,'N',0,null,'N','N','N',null,'N','N','N','datetimepicker','创建时间',28,NULL,'','creationtime',null,'~',8,'4f37dd6b-1e58-472d-9aec-c74ba1d2a9b3','/common-ref/','-99',null,'N',null,null,null,'2020-11-10 09:14:04',null,'Y',null);
            go
            insert into pub_form_property(pk_form_property,areaid,classid,code,colnum,color,creationtime,creator,datatype,dataval,defaultvalue,defaultvar,define1,define2,define3,disabled,dr,editformula,hyperlinkflag,iscode,isdefined,ismultiselectedenabled,isnextrow,isrevise,istotal,itemtype,label,maxlength,metadataproperty,metaid,metapath,modifiedtime,modifier,position,proid,refcode,refname,relatemeta,required,resid,showformula,textrows,ts,validateformula,visible,width)
            values('0001ZZZZ41a1b6d0f012','0001ZZZZ0c0f476c7a82','1071b7b2-fb67-4a3c-922a-7fcb4b23ab26','billmaker','1','#111111',null,'~',1,null, null,null,null,null,null,'N',0,null,'N','N','N',null,'N','N','N','input','制单人',28,NULL,'','billmaker',null,'~',15,'5f0e43c0-09cb-4d11-82ad-06a4463acddc','/common-ref/','-99',null,'N',null,null,null,'2020-11-10 09:14:04',null,'Y',null);
            go
            insert into pub_form_property(pk_form_property,areaid,classid,code,colnum,color,creationtime,creator,datatype,dataval,defaultvalue,defaultvar,define1,define2,define3,disabled,dr,editformula,hyperlinkflag,iscode,isdefined,ismultiselectedenabled,isnextrow,isrevise,istotal,itemtype,label,maxlength,metadataproperty,metaid,metapath,modifiedtime,modifier,position,proid,refcode,refname,relatemeta,required,resid,showformula,textrows,ts,validateformula,visible,width)
            values('0001ZZZZ41a1b6d0f013','0001ZZZZ0c0f476c7a82','1071b7b2-fb67-4a3c-922a-7fcb4b23ab26','maketime','1','#111111',null,'~',34,null, null,null,null,null,null,'N',0,null,'N','N','N',null,'N','N','N','datetimepicker','制单时间',28,NULL,'','maketime',null,'~',29,'ce6e5130-61db-4a6c-b66f-1e212a9d283b','/common-ref/','-99',null,'Y',null,null,null,'2020-11-10 09:14:04',null,'Y',null);
            go
            insert into pub_form_property(pk_form_property,areaid,classid,code,colnum,color,creationtime,creator,datatype,dataval,defaultvalue,defaultvar,define1,define2,define3,disabled,dr,editformula,hyperlinkflag,iscode,isdefined,ismultiselectedenabled,isnextrow,isrevise,istotal,itemtype,label,maxlength,metadataproperty,metaid,metapath,modifiedtime,modifier,position,proid,refcode,refname,relatemeta,required,resid,showformula,textrows,ts,validateformula,visible,width)
            values('0001ZZZZ41a1b6d0f014','0001ZZZZ0c0f476c7a82','1071b7b2-fb67-4a3c-922a-7fcb4b23ab26','billid','1','#111111',null,'~',1,null, null,null,null,null,null,'N',0,null,'N','N','N',null,'N','N','N','input','单据ID',28,NULL,'','billid',null,'~',11,'014cd6b9-8d89-4c67-a6f5-840b5ec533f7','/common-ref/','-99',null,'N',null,null,null,'2020-11-10 09:14:04',null,'Y',null);
            go
            insert into pub_form_property(pk_form_property,areaid,classid,code,colnum,color,creationtime,creator,datatype,dataval,defaultvalue,defaultvar,define1,define2,define3,disabled,dr,editformula,hyperlinkflag,iscode,isdefined,ismultiselectedenabled,isnextrow,isrevise,istotal,itemtype,label,maxlength,metadataproperty,metaid,metapath,modifiedtime,modifier,position,proid,refcode,refname,relatemeta,required,resid,showformula,textrows,ts,validateformula,visible,width)
            values('0001ZZZZ41a1b6d0f015','0001ZZZZ0c0f476c7a82','1071b7b2-fb67-4a3c-922a-7fcb4b23ab26','billno','1','#111111',null,'~',1,null, null,null,null,null,null,'N',0,null,'N','N','N',null,'N','N','N','input','单据号',28,NULL,'','billno',null,'~',12,'7790f57f-4fb0-4d81-898b-c516e0453400','/common-ref/','-99',null,'N',null,null,null,'2020-11-10 09:14:04',null,'Y',null);
            go
            insert into pub_form_property(pk_form_property,areaid,classid,code,colnum,color,creationtime,creator,datatype,dataval,defaultvalue,defaultvar,define1,define2,define3,disabled,dr,editformula,hyperlinkflag,iscode,isdefined,ismultiselectedenabled,isnextrow,isrevise,istotal,itemtype,label,maxlength,metadataproperty,metaid,metapath,modifiedtime,modifier,position,proid,refcode,refname,relatemeta,required,resid,showformula,textrows,ts,validateformula,visible,width)
            values('0001ZZZZ41a1b6d0f016','0001ZZZZ0c0f476c7a82','1071b7b2-fb67-4a3c-922a-7fcb4b23ab26','billversionpk','1','#111111',null,'~',1,null, null,null,null,null,null,'N',0,null,'N','N','N',null,'N','N','N','input','单据版本pk',28,NULL,'','billversionpk',null,'~',26,'1da28f3e-4bbb-4e47-bd3f-913dafe26142','/common-ref/','-99',null,'N',null,null,null,'2020-11-10 09:14:04',null,'Y',null);
            go
            insert into pub_form_property(pk_form_property,areaid,classid,code,colnum,color,creationtime,creator,datatype,dataval,defaultvalue,defaultvar,define1,define2,define3,disabled,dr,editformula,hyperlinkflag,iscode,isdefined,ismultiselectedenabled,isnextrow,isrevise,istotal,itemtype,label,maxlength,metadataproperty,metaid,metapath,modifiedtime,modifier,position,proid,refcode,refname,relatemeta,required,resid,showformula,textrows,ts,validateformula,visible,width)
            values('0001ZZZZ41a1b6d0f017','0001ZZZZ0c0f476c7a82','1071b7b2-fb67-4a3c-922a-7fcb4b23ab26','billtype','1','#111111',null,'~',204,null, null,null,null,null,null,'N',0,null,'N','N','N',null,'N','N','N','refer','单据类型',28,'uap.BilltypeVO.billtypename','','billtype',null,'~',21,'8f225477-c796-4b2a-ab5b-8a8bd9592afb','uap/refer/riart/billtype/index','影响因素单据类型',null,'N',null,null,null,'2020-11-10 09:14:04',null,'Y',null);
            go
            insert into pub_form_property(pk_form_property,areaid,classid,code,colnum,color,creationtime,creator,datatype,dataval,defaultvalue,defaultvar,define1,define2,define3,disabled,dr,editformula,hyperlinkflag,iscode,isdefined,ismultiselectedenabled,isnextrow,isrevise,istotal,itemtype,label,maxlength,metadataproperty,metaid,metapath,modifiedtime,modifier,position,proid,refcode,refname,relatemeta,required,resid,showformula,textrows,ts,validateformula,visible,width)
            values('0001ZZZZecab5d6de38a','0001ZZZZ84368a3985ec','1071b7b2-fb67-4a3c-922a-7fcb4b23ab26','approver','1','#111111',null,'~',1,null, null,null,null,null,null,'N',0,null,'N','N','N',null,'N','N','N','input','审批人',28,NULL,'','approver',null,'~',16,'a15e4f69-d042-44b0-b079-3a21d9176e98','/common-ref/','-99',null,'N',null,null,null,'2020-11-10 09:14:04',null,'Y',null);
            go
            insert into pub_form_property(pk_form_property,areaid,classid,code,colnum,color,creationtime,creator,datatype,dataval,defaultvalue,defaultvar,define1,define2,define3,disabled,dr,editformula,hyperlinkflag,iscode,isdefined,ismultiselectedenabled,isnextrow,isrevise,istotal,itemtype,label,maxlength,metadataproperty,metaid,metapath,modifiedtime,modifier,position,proid,refcode,refname,relatemeta,required,resid,showformula,textrows,ts,validateformula,visible,width)
            values('0001ZZZZc06ac24088f1','0001ZZZZ84368a3985ec','1071b7b2-fb67-4a3c-922a-7fcb4b23ab26','approvenote','1','#111111',null,'~',1,null, null,null,null,null,null,'N',0,null,'N','N','N',null,'N','N','N','input','审批批语',28,NULL,'','approvenote',null,'~',18,'9c94ae65-f826-4e87-9655-089a3e092a1a','/common-ref/','-99',null,'N',null,null,null,'2020-11-10 09:14:04',null,'Y',null);
            go
            insert into pub_form_property(pk_form_property,areaid,classid,code,colnum,color,creationtime,creator,datatype,dataval,defaultvalue,defaultvar,define1,define2,define3,disabled,dr,editformula,hyperlinkflag,iscode,isdefined,ismultiselectedenabled,isnextrow,isrevise,istotal,itemtype,label,maxlength,metadataproperty,metaid,metapath,modifiedtime,modifier,position,proid,refcode,refname,relatemeta,required,resid,showformula,textrows,ts,validateformula,visible,width)
            values('0001ZZZZe84f949eb84e','0001ZZZZ84368a3985ec','1071b7b2-fb67-4a3c-922a-7fcb4b23ab26','approvedate','1','#111111',null,'~',34,null, null,null,null,null,null,'N',0,null,'N','N','N',null,'N','N','N','datetimepicker','审批时间',28,NULL,'','approvedate',null,'~',19,'f84c8bae-5e68-4412-a20c-e597df7d2bd7','/common-ref/','-99',null,'N',null,null,null,'2020-11-10 09:14:04',null,'Y',null);
            go
            insert into pub_form_property(pk_form_property,areaid,classid,code,colnum,color,creationtime,creator,datatype,dataval,defaultvalue,defaultvar,define1,define2,define3,disabled,dr,editformula,hyperlinkflag,iscode,isdefined,ismultiselectedenabled,isnextrow,isrevise,istotal,itemtype,label,maxlength,metadataproperty,metaid,metapath,modifiedtime,modifier,position,proid,refcode,refname,relatemeta,required,resid,showformula,textrows,ts,validateformula,visible,width)
            values('0001ZZZZ41a1b6d0f021','0001ZZZZ0c0f476c7a82','1071b7b2-fb67-4a3c-922a-7fcb4b23ab26','approvestatus','1','#111111',null,'~',203,'自由=-1,审批未通过=0,审批通过=1,审批进行中=2,提交=3', null,null,null,null,null,'N',0,null,'N','N','N',null,'N','N','N','select','审批状态',28,NULL,'','approvestatus',null,'~',17,'4423e6e2-fe90-4461-b1d3-bab2e49d001a','/common-ref/','-99',null,'N',null,null,null,'2020-11-10 09:14:04',null,'Y',null);
            go
            insert into pub_form_property(pk_form_property,areaid,classid,code,colnum,color,creationtime,creator,datatype,dataval,defaultvalue,defaultvar,define1,define2,define3,disabled,dr,editformula,hyperlinkflag,iscode,isdefined,ismultiselectedenabled,isnextrow,isrevise,istotal,itemtype,label,maxlength,metadataproperty,metaid,metapath,modifiedtime,modifier,position,proid,refcode,refname,relatemeta,required,resid,showformula,textrows,ts,validateformula,visible,width)
            values('0001ZZZZ41a1b6d0f022','0001ZZZZ0c0f476c7a82','1071b7b2-fb67-4a3c-922a-7fcb4b23ab26','pkorg','1','#111111',null,'~',1,null, null,null,null,null,null,'N',0,null,'N','N','N',null,'N','N','N','input','所属组织',28,NULL,'','pkorg',null,'~',13,'d9a029e7-d562-4d28-ae95-414c5f6ce742','/common-ref/','-99',null,'N',null,null,null,'2020-11-10 09:14:04',null,'Y',null);
            go
            insert into pub_form_property(pk_form_property,areaid,classid,code,colnum,color,creationtime,creator,datatype,dataval,defaultvalue,defaultvar,define1,define2,define3,disabled,dr,editformula,hyperlinkflag,iscode,isdefined,ismultiselectedenabled,isnextrow,isrevise,istotal,itemtype,label,maxlength,metadataproperty,metaid,metapath,modifiedtime,modifier,position,proid,refcode,refname,relatemeta,required,resid,showformula,textrows,ts,validateformula,visible,width)
            values('0001ZZZZ41a1b6d0f023','0001ZZZZ0c0f476c7a82','1071b7b2-fb67-4a3c-922a-7fcb4b23ab26','lastmaketime','1','#111111',null,'~',34,null, null,null,null,null,null,'N',0,null,'N','N','N',null,'N','N','N','datetimepicker','最后修改时间',28,NULL,'','lastmaketime',null,'~',30,'1199697e-3e4c-46b2-aba3-a482330f0b84','/common-ref/','-99',null,'N',null,null,null,'2020-11-10 09:14:04',null,'Y',null);
            go
            insert into pub_form_property(pk_form_property,areaid,classid,code,colnum,color,creationtime,creator,datatype,dataval,defaultvalue,defaultvar,define1,define2,define3,disabled,dr,editformula,hyperlinkflag,iscode,isdefined,ismultiselectedenabled,isnextrow,isrevise,istotal,itemtype,label,maxlength,metadataproperty,metaid,metapath,modifiedtime,modifier,position,proid,refcode,refname,relatemeta,required,resid,showformula,textrows,ts,validateformula,visible,width)
            values('0001ZZZZ41a1b6d0f024','0001ZZZZ0c0f476c7a82','1071b7b2-fb67-4a3c-922a-7fcb4b23ab26','srcbillid','1','#111111',null,'~',1,null, null,null,null,null,null,'N',0,null,'N','N','N',null,'N','N','N','input','来源单据id',28,NULL,'','srcbillid',null,'~',24,'9db076b5-ca41-48df-b377-edfdb27e8726','/common-ref/','-99',null,'N',null,null,null,'2020-11-10 09:14:04',null,'Y',null);
            go
            insert into pub_form_property(pk_form_property,areaid,classid,code,colnum,color,creationtime,creator,datatype,dataval,defaultvalue,defaultvar,define1,define2,define3,disabled,dr,editformula,hyperlinkflag,iscode,isdefined,ismultiselectedenabled,isnextrow,isrevise,istotal,itemtype,label,maxlength,metadataproperty,metaid,metapath,modifiedtime,modifier,position,proid,refcode,refname,relatemeta,required,resid,showformula,textrows,ts,validateformula,visible,width)
            values('0001ZZZZ41a1b6d0f025','0001ZZZZ0c0f476c7a82','1071b7b2-fb67-4a3c-922a-7fcb4b23ab26','srcbilltype','1','#111111',null,'~',1,null, null,null,null,null,null,'N',0,null,'N','N','N',null,'N','N','N','input','来源单据类型',28,NULL,'','srcbilltype',null,'~',23,'bd5b445b-0ff6-4542-8838-b98f6f0332b9','/common-ref/','-99',null,'N',null,null,null,'2020-11-10 09:14:04',null,'Y',null);
            go
            insert into pub_form_property(pk_form_property,areaid,classid,code,colnum,color,creationtime,creator,datatype,dataval,defaultvalue,defaultvar,define1,define2,define3,disabled,dr,editformula,hyperlinkflag,iscode,isdefined,ismultiselectedenabled,isnextrow,isrevise,istotal,itemtype,label,maxlength,metadataproperty,metaid,metapath,modifiedtime,modifier,position,proid,refcode,refname,relatemeta,required,resid,showformula,textrows,ts,validateformula,visible,width)
            values('0001ZZZZ41a1b6d0f026','0001ZZZZ0c0f476c7a82','1071b7b2-fb67-4a3c-922a-7fcb4b23ab26','pk_org','1','#111111',null,'~',204,null, null,null,null,null,null,'N',0,null,'N','N','N',null,'N','N','N','refer','组织',28,'uap.org.name','','pk_org',null,'~',5,'058edb17-25f8-4818-8bbb-3ba4f8b2501b','uapbd/refer/org/OrgAndOrgTypeCompositeOnlyEnableDataTreeRef/index','组织类型分类的组织单元',null,'N',null,null,null,'2020-11-10 09:14:04',null,'Y',null);
            go
            insert into pub_form_property(pk_form_property,areaid,classid,code,colnum,color,creationtime,creator,datatype,dataval,defaultvalue,defaultvar,define1,define2,define3,disabled,dr,editformula,hyperlinkflag,iscode,isdefined,ismultiselectedenabled,isnextrow,isrevise,istotal,itemtype,label,maxlength,metadataproperty,metaid,metapath,modifiedtime,modifier,position,proid,refcode,refname,relatemeta,required,resid,showformula,textrows,ts,validateformula,visible,width)
            values('0001ZZZZ41a1b6d0f027','0001ZZZZ0c0f476c7a82','1071b7b2-fb67-4a3c-922a-7fcb4b23ab26','pk_org_v','1','#111111',null,'~',204,null, null,null,null,null,null,'N',0,null,'N','N','N',null,'N','N','N','refer','组织版本',28,'uap.org_v.name','','pk_org_v',null,'~',6,'84fd4dce-9238-4e9d-8e83-50b1df39e161','uapbd/refer/orgv/BusinessUnitVersionDefaultAllTreeRef/index','业务单元版本(所有)',null,'N',null,null,null,'2020-11-10 09:14:04',null,'N',null);
            go
            insert into pub_form_property(pk_form_property,areaid,classid,code,colnum,color,creationtime,creator,datatype,dataval,defaultvalue,defaultvar,define1,define2,define3,disabled,dr,editformula,hyperlinkflag,iscode,isdefined,ismultiselectedenabled,isnextrow,isrevise,istotal,itemtype,label,maxlength,metadataproperty,metaid,metapath,modifiedtime,modifier,position,proid,refcode,refname,relatemeta,required,resid,showformula,textrows,ts,validateformula,visible,width)
            values('0001ZZZZ41a1b6d0f028','0001ZZZZ0c0f476c7a82','1071b7b2-fb67-4a3c-922a-7fcb4b23ab26','code','1','#111111',null,'~',1,null, null,null,null,null,null,'N',0,null,'N','N','N',null,'N','N','N','input','编码',28,NULL,'','code',null,'~',2,'abda49f1-80c7-4e57-9243-4240f2b63379','/common-ref/','-99',null,'N',null,null,null,'2020-11-10 09:14:04',null,'Y',null);
            go
            insert into pub_form_property(pk_form_property,areaid,classid,code,colnum,color,creationtime,creator,datatype,dataval,defaultvalue,defaultvar,define1,define2,define3,disabled,dr,editformula,hyperlinkflag,iscode,isdefined,ismultiselectedenabled,isnextrow,isrevise,istotal,itemtype,label,maxlength,metadataproperty,metaid,metapath,modifiedtime,modifier,position,proid,refcode,refname,relatemeta,required,resid,showformula,textrows,ts,validateformula,visible,width)
            values('0001ZZZZ41a1b6d0f029','0001ZZZZ0c0f476c7a82','1071b7b2-fb67-4a3c-922a-7fcb4b23ab26','rowno','1','#111111',null,'~',1,null, null,null,null,null,null,'N',0,null,'N','N','N',null,'N','N','N','input','行号',28,NULL,'','rowno',null,'~',31,'61ff4eed-d6f5-48d6-a1b6-0a27270a0db3','/common-ref/','-99',null,'N',null,null,null,'2020-11-10 09:14:04',null,'Y',null);
            go
            insert into pub_form_property(pk_form_property,areaid,classid,code,colnum,color,creationtime,creator,datatype,dataval,defaultvalue,defaultvar,define1,define2,define3,disabled,dr,editformula,hyperlinkflag,iscode,isdefined,ismultiselectedenabled,isnextrow,isrevise,istotal,itemtype,label,maxlength,metadataproperty,metaid,metapath,modifiedtime,modifier,position,proid,refcode,refname,relatemeta,required,resid,showformula,textrows,ts,validateformula,visible,width)
            values('0001ZZZZ41a1b6d0f030','0001ZZZZ0c0f476c7a82','1071b7b2-fb67-4a3c-922a-7fcb4b23ab26','pk_group','1','#111111',null,'~',204,null, null,null,null,null,null,'N',0,null,'N','N','N',null,'N','N','N','refer','集团',28,'uap.group.name','','pk_group',null,'~',4,'8d12652b-6439-4e55-8d84-2a074cc1a8b7','uap/refer/riart/groupTreeRef/index','集团',null,'Y',null,null,null,'2020-11-10 09:14:04',null,'Y',null);
            go




            insert into pub_form_property(pk_form_property,areaid,classid,code,colnum,color,creationtime,creator,datatype,dataval,defaultvalue,defaultvar,define1,define2,define3,disabled,dr,editformula,hyperlinkflag,iscode,isdefined,ismultiselectedenabled,isnextrow,isrevise,istotal,itemtype,label,maxlength,metadataproperty,metaid,metapath,modifiedtime,modifier,position,proid,refcode,refname,relatemeta,required,resid,showformula,textrows,ts,validateformula,visible,width)
            values('0001ZZZZ656950706001','0001ZZZZ33b7ba67d345','3c61705c-3b9e-4e53-8cd9-f3ee7fcbfe43','amount','1','#111111',null,'~',52,null, null,null,null,null,null,'N',0,null,'N','N','N',null,'N','N','N','number','总金额',28,NULL,'','id_subentity.amount',null,'~',2,'fe2c5373-7182-4af3-a9a9-1f285a261595',null,null,null,'N',null,null,null,'2020-11-10 09:14:04',null,'Y',null);
            go

            insert into pub_form_property(pk_form_property,areaid,classid,code,colnum,color,creationtime,creator,datatype,dataval,defaultvalue,defaultvar,define1,define2,define3,disabled,dr,editformula,hyperlinkflag,iscode,isdefined,ismultiselectedenabled,isnextrow,isrevise,istotal,itemtype,label,maxlength,metadataproperty,metaid,metapath,modifiedtime,modifier,position,proid,refcode,refname,relatemeta,required,resid,showformula,textrows,ts,validateformula,visible,width)
            values('0001ZZZZ453653ad0001','0001ZZZZ3a992ed2c0da','3c61705c-3b9e-4e53-8cd9-f3ee7fcbfe43','amount','1','#111111',null,'~',52,null, null,null,null,null,null,'N',0,null,'N','N','N',null,'N','N','N','number','总金额',28,NULL,'','id_subentity.amount',null,'~',2,'957d15e5-52a0-4502-b7c2-5a25c3d0e351',null,null,null,'N',null,null,null,'2020-11-10 09:14:04',null,'Y',null);
            go

            insert into pub_form_property(pk_form_property,areaid,classid,code,colnum,color,creationtime,creator,datatype,dataval,defaultvalue,defaultvar,define1,define2,define3,disabled,dr,editformula,hyperlinkflag,iscode,isdefined,ismultiselectedenabled,isnextrow,isrevise,istotal,itemtype,label,maxlength,metadataproperty,metaid,metapath,modifiedtime,modifier,position,proid,refcode,refname,relatemeta,required,resid,showformula,textrows,ts,validateformula,visible,width)
            values('0001ZZZZfd44bfe22001','0001ZZZZbfeb427c6699','3c61705c-3b9e-4e53-8cd9-f3ee7fcbfe43','amount','1','#111111',null,'~',52,null, null,null,null,null,null,'N',0,null,'N','N','N',null,'N','N','N','number','总金额',28,NULL,'','id_subentity.amount',null,'~',2,'0b9f3c8e-acbe-495e-98aa-f2a97d2607e8',null,null,null,'N',null,null,null,'2020-11-10 09:14:04',null,'Y',null);
            go







            insert into pub_form_property(pk_form_property,areaid,classid,code,colnum,color,creationtime,creator,datatype,dataval,defaultvalue,defaultvar,define1,define2,define3,disabled,dr,editformula,hyperlinkflag,iscode,isdefined,ismultiselectedenabled,isnextrow,isrevise,istotal,itemtype,label,maxlength,metadataproperty,metaid,metapath,modifiedtime,modifier,position,proid,refcode,refname,relatemeta,required,resid,showformula,textrows,ts,validateformula,visible,width)
            values('0001ZZZZ26f4f1e33000','0001ZZZZ2eba3105478d','1071b7b2-fb67-4a3c-922a-7fcb4b23ab26','id','1','#111111',null,'~',1,null, null,null,null,null,null,'N',0,null,'N','N','N',null,'N','N','N','input','id',28,NULL,'','id',null,'~',27,'dadb27aa-e0fe-4d4c-b47c-85b00c25ed00','/common-ref/','-99',null,'N',null,null,null,'2020-11-10 09:14:04',null,'Y',null);
            go
            insert into pub_form_property(pk_form_property,areaid,classid,code,colnum,color,creationtime,creator,datatype,dataval,defaultvalue,defaultvar,define1,define2,define3,disabled,dr,editformula,hyperlinkflag,iscode,isdefined,ismultiselectedenabled,isnextrow,isrevise,istotal,itemtype,label,maxlength,metadataproperty,metaid,metapath,modifiedtime,modifier,position,proid,refcode,refname,relatemeta,required,resid,showformula,textrows,ts,validateformula,visible,width)
            values('0001ZZZZ26f4f1e33002','0001ZZZZ2eba3105478d','1071b7b2-fb67-4a3c-922a-7fcb4b23ab26','name','1','#111111',null,'~',1,null, null,null,null,null,null,'N',0,null,'N','N','N',null,'N','N','N','input','name',28,NULL,'','name',null,'~',28,'246f6511-04c7-4ec9-a1fa-11a0cd0c1977','/common-ref/','-99',null,'N',null,null,null,'2020-11-10 09:14:04',null,'Y',null);
            go
            insert into pub_form_property(pk_form_property,areaid,classid,code,colnum,color,creationtime,creator,datatype,dataval,defaultvalue,defaultvar,define1,define2,define3,disabled,dr,editformula,hyperlinkflag,iscode,isdefined,ismultiselectedenabled,isnextrow,isrevise,istotal,itemtype,label,maxlength,metadataproperty,metaid,metapath,modifiedtime,modifier,position,proid,refcode,refname,relatemeta,required,resid,showformula,textrows,ts,validateformula,visible,width)
            values('0001ZZZZ26f4f1e33003','0001ZZZZ2eba3105478d','1071b7b2-fb67-4a3c-922a-7fcb4b23ab26','busitype','1','#111111',null,'~',204,null, null,null,null,null,null,'N',0,null,'N','N','N',null,'N','N','N','refer','业务类型',28,'uap.BusitypeVO.businame','','busitype',null,'~',14,'97dc11c7-08f7-496d-a14e-ba221a459ca2','uap/refer/riart/busitype/index','业务流程',null,'N',null,null,null,'2020-11-10 09:14:04',null,'Y',null);
            go
            insert into pub_form_property(pk_form_property,areaid,classid,code,colnum,color,creationtime,creator,datatype,dataval,defaultvalue,defaultvar,define1,define2,define3,disabled,dr,editformula,hyperlinkflag,iscode,isdefined,ismultiselectedenabled,isnextrow,isrevise,istotal,itemtype,label,maxlength,metadataproperty,metaid,metapath,modifiedtime,modifier,position,proid,refcode,refname,relatemeta,required,resid,showformula,textrows,ts,validateformula,visible,width)
            values('0001ZZZZ26f4f1e33004','0001ZZZZ2eba3105478d','1071b7b2-fb67-4a3c-922a-7fcb4b23ab26','pk_m','1','#111111',null,'~',1,null, null,null,null,null,null,'N',0,null,'N','N','N',null,'N','N','N','input','主键',28,NULL,'','pk_m',null,'~',1,'c50ece50-db45-49d9-9246-61e0e58e0c8d','/common-ref/','-99',null,'Y',null,null,null,'2020-11-10 09:14:04',null,'N',null);
            go
            insert into pub_form_property(pk_form_property,areaid,classid,code,colnum,color,creationtime,creator,datatype,dataval,defaultvalue,defaultvar,define1,define2,define3,disabled,dr,editformula,hyperlinkflag,iscode,isdefined,ismultiselectedenabled,isnextrow,isrevise,istotal,itemtype,label,maxlength,metadataproperty,metaid,metapath,modifiedtime,modifier,position,proid,refcode,refname,relatemeta,required,resid,showformula,textrows,ts,validateformula,visible,width)
            values('0001ZZZZ26f4f1e33005','0001ZZZZ2eba3105478d','1071b7b2-fb67-4a3c-922a-7fcb4b23ab26','transtype','1','#111111',null,'~',204,null, null,null,null,null,null,'N',0,null,'N','N','N',null,'N','N','N','refer','交易类型',28,'riart.transtype.billtypename','','transtype',null,'~',20,'0b14429d-3ec7-44f7-ae2d-afa87babba56','/common-ref/','交易类型',null,'N',null,null,null,'2020-11-10 09:14:04',null,'Y',null);
            go
            insert into pub_form_property(pk_form_property,areaid,classid,code,colnum,color,creationtime,creator,datatype,dataval,defaultvalue,defaultvar,define1,define2,define3,disabled,dr,editformula,hyperlinkflag,iscode,isdefined,ismultiselectedenabled,isnextrow,isrevise,istotal,itemtype,label,maxlength,metadataproperty,metaid,metapath,modifiedtime,modifier,position,proid,refcode,refname,relatemeta,required,resid,showformula,textrows,ts,validateformula,visible,width)
            values('0001ZZZZ26f4f1e33006','0001ZZZZ2eba3105478d','1071b7b2-fb67-4a3c-922a-7fcb4b23ab26','transtypepk','1','#111111',null,'~',1,null, null,null,null,null,null,'N',0,null,'N','N','N',null,'N','N','N','input','交易类型pk',28,NULL,'','transtypepk',null,'~',22,'6695a3b0-2183-45f0-8643-374e8bcf87d9','/common-ref/','-99',null,'Y',null,null,null,'2020-11-10 09:14:04',null,'Y',null);
            go
            insert into pub_form_property(pk_form_property,areaid,classid,code,colnum,color,creationtime,creator,datatype,dataval,defaultvalue,defaultvar,define1,define2,define3,disabled,dr,editformula,hyperlinkflag,iscode,isdefined,ismultiselectedenabled,isnextrow,isrevise,istotal,itemtype,label,maxlength,metadataproperty,metaid,metapath,modifiedtime,modifier,position,proid,refcode,refname,relatemeta,required,resid,showformula,textrows,ts,validateformula,visible,width)
            values('0001ZZZZ33704399531a','0001ZZZZb9b3bd29de85','1071b7b2-fb67-4a3c-922a-7fcb4b23ab26','modifier','1','#111111',null,'~',204,null, null,null,null,null,null,'N',0,null,'N','N','N',null,'N','N','N','refer','修改人',28,'uap.user.user_name','','modifier',null,'~',9,'498506b8-3369-4121-9d12-af58b6cc745a','uap/refer/riart/userDefaultRefer/index','用户',null,'N',null,null,null,'2020-11-10 09:14:04',null,'Y',null);
            go
            insert into pub_form_property(pk_form_property,areaid,classid,code,colnum,color,creationtime,creator,datatype,dataval,defaultvalue,defaultvar,define1,define2,define3,disabled,dr,editformula,hyperlinkflag,iscode,isdefined,ismultiselectedenabled,isnextrow,isrevise,istotal,itemtype,label,maxlength,metadataproperty,metaid,metapath,modifiedtime,modifier,position,proid,refcode,refname,relatemeta,required,resid,showformula,textrows,ts,validateformula,visible,width)
            values('0001ZZZZ0eb480114747','0001ZZZZb9b3bd29de85','1071b7b2-fb67-4a3c-922a-7fcb4b23ab26','modifiedtime','1','#111111',null,'~',34,null, null,null,null,null,null,'N',0,null,'N','N','N',null,'N','N','N','datetimepicker','修改时间',28,NULL,'','modifiedtime',null,'~',10,'657e73b3-277d-4e08-95e5-debedeab6a44','/common-ref/','-99',null,'N',null,null,null,'2020-11-10 09:14:04',null,'Y',null);
            go
            insert into pub_form_property(pk_form_property,areaid,classid,code,colnum,color,creationtime,creator,datatype,dataval,defaultvalue,defaultvar,define1,define2,define3,disabled,dr,editformula,hyperlinkflag,iscode,isdefined,ismultiselectedenabled,isnextrow,isrevise,istotal,itemtype,label,maxlength,metadataproperty,metaid,metapath,modifiedtime,modifier,position,proid,refcode,refname,relatemeta,required,resid,showformula,textrows,ts,validateformula,visible,width)
            values('0001ZZZZ26f4f1e33009','0001ZZZZ2eba3105478d','1071b7b2-fb67-4a3c-922a-7fcb4b23ab26','emendenum','1','#111111',null,'~',4,null, null,null,null,null,null,'N',0,null,'N','N','N',null,'N','N','N','number','修订枚举',28,NULL,'','emendenum',null,'~',25,'1782608a-d349-4431-9cdd-dc5efea8feb1','/common-ref/','-99',null,'N',null,null,null,'2020-11-10 09:14:04',null,'Y',null);
            go
            insert into pub_form_property(pk_form_property,areaid,classid,code,colnum,color,creationtime,creator,datatype,dataval,defaultvalue,defaultvar,define1,define2,define3,disabled,dr,editformula,hyperlinkflag,iscode,isdefined,ismultiselectedenabled,isnextrow,isrevise,istotal,itemtype,label,maxlength,metadataproperty,metaid,metapath,modifiedtime,modifier,position,proid,refcode,refname,relatemeta,required,resid,showformula,textrows,ts,validateformula,visible,width)
            values('0001ZZZZ5a281bc6e3d2','0001ZZZZb9b3bd29de85','1071b7b2-fb67-4a3c-922a-7fcb4b23ab26','creator','1','#111111',null,'~',204,null, null,null,null,null,null,'N',0,null,'N','N','N',null,'N','N','N','refer','创建人',28,'uap.user.user_name','','creator',null,'~',7,'4dd229c5-3ba6-4c7b-9eff-239dc5931167','uap/refer/riart/userDefaultRefer/index','用户',null,'N',null,null,null,'2020-11-10 09:14:04',null,'Y',null);
            go
            insert into pub_form_property(pk_form_property,areaid,classid,code,colnum,color,creationtime,creator,datatype,dataval,defaultvalue,defaultvar,define1,define2,define3,disabled,dr,editformula,hyperlinkflag,iscode,isdefined,ismultiselectedenabled,isnextrow,isrevise,istotal,itemtype,label,maxlength,metadataproperty,metaid,metapath,modifiedtime,modifier,position,proid,refcode,refname,relatemeta,required,resid,showformula,textrows,ts,validateformula,visible,width)
            values('0001ZZZZc191925427f5','0001ZZZZb9b3bd29de85','1071b7b2-fb67-4a3c-922a-7fcb4b23ab26','creationtime','1','#111111',null,'~',34,null, null,null,null,null,null,'N',0,null,'N','N','N',null,'N','N','N','datetimepicker','创建时间',28,NULL,'','creationtime',null,'~',8,'4c526a32-0ea6-4286-b2e9-4b641198efbb','/common-ref/','-99',null,'N',null,null,null,'2020-11-10 09:14:04',null,'Y',null);
            go
            insert into pub_form_property(pk_form_property,areaid,classid,code,colnum,color,creationtime,creator,datatype,dataval,defaultvalue,defaultvar,define1,define2,define3,disabled,dr,editformula,hyperlinkflag,iscode,isdefined,ismultiselectedenabled,isnextrow,isrevise,istotal,itemtype,label,maxlength,metadataproperty,metaid,metapath,modifiedtime,modifier,position,proid,refcode,refname,relatemeta,required,resid,showformula,textrows,ts,validateformula,visible,width)
            values('0001ZZZZ26f4f1e33012','0001ZZZZ2eba3105478d','1071b7b2-fb67-4a3c-922a-7fcb4b23ab26','billmaker','1','#111111',null,'~',1,null, null,null,null,null,null,'N',0,null,'N','N','N',null,'N','N','N','input','制单人',28,NULL,'','billmaker',null,'~',15,'865eaa27-ee41-48ba-ae7a-362d41e80f31','/common-ref/','-99',null,'N',null,null,null,'2020-11-10 09:14:04',null,'Y',null);
            go
            insert into pub_form_property(pk_form_property,areaid,classid,code,colnum,color,creationtime,creator,datatype,dataval,defaultvalue,defaultvar,define1,define2,define3,disabled,dr,editformula,hyperlinkflag,iscode,isdefined,ismultiselectedenabled,isnextrow,isrevise,istotal,itemtype,label,maxlength,metadataproperty,metaid,metapath,modifiedtime,modifier,position,proid,refcode,refname,relatemeta,required,resid,showformula,textrows,ts,validateformula,visible,width)
            values('0001ZZZZ26f4f1e33013','0001ZZZZ2eba3105478d','1071b7b2-fb67-4a3c-922a-7fcb4b23ab26','maketime','1','#111111',null,'~',34,null, null,null,null,null,null,'N',0,null,'N','N','N',null,'N','N','N','datetimepicker','制单时间',28,NULL,'','maketime',null,'~',29,'22cc25be-4265-4171-b252-835c0c1ee74b','/common-ref/','-99',null,'Y',null,null,null,'2020-11-10 09:14:04',null,'Y',null);
            go
            insert into pub_form_property(pk_form_property,areaid,classid,code,colnum,color,creationtime,creator,datatype,dataval,defaultvalue,defaultvar,define1,define2,define3,disabled,dr,editformula,hyperlinkflag,iscode,isdefined,ismultiselectedenabled,isnextrow,isrevise,istotal,itemtype,label,maxlength,metadataproperty,metaid,metapath,modifiedtime,modifier,position,proid,refcode,refname,relatemeta,required,resid,showformula,textrows,ts,validateformula,visible,width)
            values('0001ZZZZ26f4f1e33014','0001ZZZZ2eba3105478d','1071b7b2-fb67-4a3c-922a-7fcb4b23ab26','billid','1','#111111',null,'~',1,null, null,null,null,null,null,'N',0,null,'N','N','N',null,'N','N','N','input','单据ID',28,NULL,'','billid',null,'~',11,'231eb36f-6fb7-4908-b804-5263a4b1da58','/common-ref/','-99',null,'N',null,null,null,'2020-11-10 09:14:04',null,'Y',null);
            go
            insert into pub_form_property(pk_form_property,areaid,classid,code,colnum,color,creationtime,creator,datatype,dataval,defaultvalue,defaultvar,define1,define2,define3,disabled,dr,editformula,hyperlinkflag,iscode,isdefined,ismultiselectedenabled,isnextrow,isrevise,istotal,itemtype,label,maxlength,metadataproperty,metaid,metapath,modifiedtime,modifier,position,proid,refcode,refname,relatemeta,required,resid,showformula,textrows,ts,validateformula,visible,width)
            values('0001ZZZZ26f4f1e33015','0001ZZZZ2eba3105478d','1071b7b2-fb67-4a3c-922a-7fcb4b23ab26','billno','1','#111111',null,'~',1,null, null,null,null,null,null,'N',0,null,'N','N','N',null,'N','N','N','input','单据号',28,NULL,'','billno',null,'~',12,'b2551a74-1b79-4807-8500-65dbed48c471','/common-ref/','-99',null,'N',null,null,null,'2020-11-10 09:14:04',null,'Y',null);
            go
            insert into pub_form_property(pk_form_property,areaid,classid,code,colnum,color,creationtime,creator,datatype,dataval,defaultvalue,defaultvar,define1,define2,define3,disabled,dr,editformula,hyperlinkflag,iscode,isdefined,ismultiselectedenabled,isnextrow,isrevise,istotal,itemtype,label,maxlength,metadataproperty,metaid,metapath,modifiedtime,modifier,position,proid,refcode,refname,relatemeta,required,resid,showformula,textrows,ts,validateformula,visible,width)
            values('0001ZZZZ26f4f1e33016','0001ZZZZ2eba3105478d','1071b7b2-fb67-4a3c-922a-7fcb4b23ab26','billversionpk','1','#111111',null,'~',1,null, null,null,null,null,null,'N',0,null,'N','N','N',null,'N','N','N','input','单据版本pk',28,NULL,'','billversionpk',null,'~',26,'0cffca17-0d68-4527-9432-5a3d546a7ee5','/common-ref/','-99',null,'N',null,null,null,'2020-11-10 09:14:04',null,'Y',null);
            go
            insert into pub_form_property(pk_form_property,areaid,classid,code,colnum,color,creationtime,creator,datatype,dataval,defaultvalue,defaultvar,define1,define2,define3,disabled,dr,editformula,hyperlinkflag,iscode,isdefined,ismultiselectedenabled,isnextrow,isrevise,istotal,itemtype,label,maxlength,metadataproperty,metaid,metapath,modifiedtime,modifier,position,proid,refcode,refname,relatemeta,required,resid,showformula,textrows,ts,validateformula,visible,width)
            values('0001ZZZZ26f4f1e33017','0001ZZZZ2eba3105478d','1071b7b2-fb67-4a3c-922a-7fcb4b23ab26','billtype','1','#111111',null,'~',204,null, null,null,null,null,null,'N',0,null,'N','N','N',null,'N','N','N','refer','单据类型',28,'uap.BilltypeVO.billtypename','','billtype',null,'~',21,'8d369863-7093-41d9-a6e4-08379ffcc7f8','uap/refer/riart/billtype/index','影响因素单据类型',null,'N',null,null,null,'2020-11-10 09:14:04',null,'Y',null);
            go
            insert into pub_form_property(pk_form_property,areaid,classid,code,colnum,color,creationtime,creator,datatype,dataval,defaultvalue,defaultvar,define1,define2,define3,disabled,dr,editformula,hyperlinkflag,iscode,isdefined,ismultiselectedenabled,isnextrow,isrevise,istotal,itemtype,label,maxlength,metadataproperty,metaid,metapath,modifiedtime,modifier,position,proid,refcode,refname,relatemeta,required,resid,showformula,textrows,ts,validateformula,visible,width)
            values('0001ZZZZ55423b1358a3','0001ZZZZb9b3bd29de85','1071b7b2-fb67-4a3c-922a-7fcb4b23ab26','approver','1','#111111',null,'~',1,null, null,null,null,null,null,'N',0,null,'N','N','N',null,'N','N','N','input','审批人',28,NULL,'','approver',null,'~',16,'04bcb915-1298-4fd0-8102-053c728a949d','/common-ref/','-99',null,'N',null,null,null,'2020-11-10 09:14:04',null,'Y',null);
            go
            insert into pub_form_property(pk_form_property,areaid,classid,code,colnum,color,creationtime,creator,datatype,dataval,defaultvalue,defaultvar,define1,define2,define3,disabled,dr,editformula,hyperlinkflag,iscode,isdefined,ismultiselectedenabled,isnextrow,isrevise,istotal,itemtype,label,maxlength,metadataproperty,metaid,metapath,modifiedtime,modifier,position,proid,refcode,refname,relatemeta,required,resid,showformula,textrows,ts,validateformula,visible,width)
            values('0001ZZZZ5c07a3441293','0001ZZZZb9b3bd29de85','1071b7b2-fb67-4a3c-922a-7fcb4b23ab26','approvenote','1','#111111',null,'~',1,null, null,null,null,null,null,'N',0,null,'N','N','N',null,'N','N','N','input','审批批语',28,NULL,'','approvenote',null,'~',18,'0a08ba2f-c6f3-4c63-90b1-638d5724b401','/common-ref/','-99',null,'N',null,null,null,'2020-11-10 09:14:04',null,'Y',null);
            go
            insert into pub_form_property(pk_form_property,areaid,classid,code,colnum,color,creationtime,creator,datatype,dataval,defaultvalue,defaultvar,define1,define2,define3,disabled,dr,editformula,hyperlinkflag,iscode,isdefined,ismultiselectedenabled,isnextrow,isrevise,istotal,itemtype,label,maxlength,metadataproperty,metaid,metapath,modifiedtime,modifier,position,proid,refcode,refname,relatemeta,required,resid,showformula,textrows,ts,validateformula,visible,width)
            values('0001ZZZZ40ba9fb65bfb','0001ZZZZb9b3bd29de85','1071b7b2-fb67-4a3c-922a-7fcb4b23ab26','approvedate','1','#111111',null,'~',34,null, null,null,null,null,null,'N',0,null,'N','N','N',null,'N','N','N','datetimepicker','审批时间',28,NULL,'','approvedate',null,'~',19,'db035ccc-6c63-42b4-9bf4-5efb061274c2','/common-ref/','-99',null,'N',null,null,null,'2020-11-10 09:14:04',null,'Y',null);
            go
            insert into pub_form_property(pk_form_property,areaid,classid,code,colnum,color,creationtime,creator,datatype,dataval,defaultvalue,defaultvar,define1,define2,define3,disabled,dr,editformula,hyperlinkflag,iscode,isdefined,ismultiselectedenabled,isnextrow,isrevise,istotal,itemtype,label,maxlength,metadataproperty,metaid,metapath,modifiedtime,modifier,position,proid,refcode,refname,relatemeta,required,resid,showformula,textrows,ts,validateformula,visible,width)
            values('0001ZZZZ26f4f1e33021','0001ZZZZ2eba3105478d','1071b7b2-fb67-4a3c-922a-7fcb4b23ab26','approvestatus','1','#111111',null,'~',203,'自由=-1,审批未通过=0,审批通过=1,审批进行中=2,提交=3', null,null,null,null,null,'N',0,null,'N','N','N',null,'N','N','N','select','审批状态',28,NULL,'','approvestatus',null,'~',17,'cad34946-7117-46ab-8ac6-d304cc0b8b2a','/common-ref/','-99',null,'N',null,null,null,'2020-11-10 09:14:04',null,'Y',null);
            go
            insert into pub_form_property(pk_form_property,areaid,classid,code,colnum,color,creationtime,creator,datatype,dataval,defaultvalue,defaultvar,define1,define2,define3,disabled,dr,editformula,hyperlinkflag,iscode,isdefined,ismultiselectedenabled,isnextrow,isrevise,istotal,itemtype,label,maxlength,metadataproperty,metaid,metapath,modifiedtime,modifier,position,proid,refcode,refname,relatemeta,required,resid,showformula,textrows,ts,validateformula,visible,width)
            values('0001ZZZZ26f4f1e33022','0001ZZZZ2eba3105478d','1071b7b2-fb67-4a3c-922a-7fcb4b23ab26','pkorg','1','#111111',null,'~',1,null, null,null,null,null,null,'N',0,null,'N','N','N',null,'N','N','N','input','所属组织',28,NULL,'','pkorg',null,'~',13,'9342b8d3-f523-47cd-8c6d-2c834ba61c18','/common-ref/','-99',null,'N',null,null,null,'2020-11-10 09:14:04',null,'Y',null);
            go
            insert into pub_form_property(pk_form_property,areaid,classid,code,colnum,color,creationtime,creator,datatype,dataval,defaultvalue,defaultvar,define1,define2,define3,disabled,dr,editformula,hyperlinkflag,iscode,isdefined,ismultiselectedenabled,isnextrow,isrevise,istotal,itemtype,label,maxlength,metadataproperty,metaid,metapath,modifiedtime,modifier,position,proid,refcode,refname,relatemeta,required,resid,showformula,textrows,ts,validateformula,visible,width)
            values('0001ZZZZ26f4f1e33023','0001ZZZZ2eba3105478d','1071b7b2-fb67-4a3c-922a-7fcb4b23ab26','lastmaketime','1','#111111',null,'~',34,null, null,null,null,null,null,'N',0,null,'N','N','N',null,'N','N','N','datetimepicker','最后修改时间',28,NULL,'','lastmaketime',null,'~',30,'6ce3cceb-0d4a-41ad-9313-744964514f46','/common-ref/','-99',null,'N',null,null,null,'2020-11-10 09:14:04',null,'Y',null);
            go
            insert into pub_form_property(pk_form_property,areaid,classid,code,colnum,color,creationtime,creator,datatype,dataval,defaultvalue,defaultvar,define1,define2,define3,disabled,dr,editformula,hyperlinkflag,iscode,isdefined,ismultiselectedenabled,isnextrow,isrevise,istotal,itemtype,label,maxlength,metadataproperty,metaid,metapath,modifiedtime,modifier,position,proid,refcode,refname,relatemeta,required,resid,showformula,textrows,ts,validateformula,visible,width)
            values('0001ZZZZ26f4f1e33024','0001ZZZZ2eba3105478d','1071b7b2-fb67-4a3c-922a-7fcb4b23ab26','srcbillid','1','#111111',null,'~',1,null, null,null,null,null,null,'N',0,null,'N','N','N',null,'N','N','N','input','来源单据id',28,NULL,'','srcbillid',null,'~',24,'9c135fc0-f911-4c56-a2fb-c26aa92cda89','/common-ref/','-99',null,'N',null,null,null,'2020-11-10 09:14:04',null,'Y',null);
            go
            insert into pub_form_property(pk_form_property,areaid,classid,code,colnum,color,creationtime,creator,datatype,dataval,defaultvalue,defaultvar,define1,define2,define3,disabled,dr,editformula,hyperlinkflag,iscode,isdefined,ismultiselectedenabled,isnextrow,isrevise,istotal,itemtype,label,maxlength,metadataproperty,metaid,metapath,modifiedtime,modifier,position,proid,refcode,refname,relatemeta,required,resid,showformula,textrows,ts,validateformula,visible,width)
            values('0001ZZZZ26f4f1e33025','0001ZZZZ2eba3105478d','1071b7b2-fb67-4a3c-922a-7fcb4b23ab26','srcbilltype','1','#111111',null,'~',1,null, null,null,null,null,null,'N',0,null,'N','N','N',null,'N','N','N','input','来源单据类型',28,NULL,'','srcbilltype',null,'~',23,'c2266f82-dd63-4ecc-827a-ac2a902eb0a6','/common-ref/','-99',null,'N',null,null,null,'2020-11-10 09:14:04',null,'Y',null);
            go
            insert into pub_form_property(pk_form_property,areaid,classid,code,colnum,color,creationtime,creator,datatype,dataval,defaultvalue,defaultvar,define1,define2,define3,disabled,dr,editformula,hyperlinkflag,iscode,isdefined,ismultiselectedenabled,isnextrow,isrevise,istotal,itemtype,label,maxlength,metadataproperty,metaid,metapath,modifiedtime,modifier,position,proid,refcode,refname,relatemeta,required,resid,showformula,textrows,ts,validateformula,visible,width)
            values('0001ZZZZ26f4f1e33026','0001ZZZZ2eba3105478d','1071b7b2-fb67-4a3c-922a-7fcb4b23ab26','pk_org','1','#111111',null,'~',204,null, null,null,null,null,null,'N',0,null,'N','N','N',null,'N','N','N','refer','组织',28,'uap.org.name','','pk_org',null,'~',5,'66ea0c40-34ef-41ca-9819-b85e5a220d71','uapbd/refer/org/OrgAndOrgTypeCompositeOnlyEnableDataTreeRef/index','组织类型分类的组织单元',null,'N',null,null,null,'2020-11-10 09:14:04',null,'Y',null);
            go
            insert into pub_form_property(pk_form_property,areaid,classid,code,colnum,color,creationtime,creator,datatype,dataval,defaultvalue,defaultvar,define1,define2,define3,disabled,dr,editformula,hyperlinkflag,iscode,isdefined,ismultiselectedenabled,isnextrow,isrevise,istotal,itemtype,label,maxlength,metadataproperty,metaid,metapath,modifiedtime,modifier,position,proid,refcode,refname,relatemeta,required,resid,showformula,textrows,ts,validateformula,visible,width)
            values('0001ZZZZ26f4f1e33027','0001ZZZZ2eba3105478d','1071b7b2-fb67-4a3c-922a-7fcb4b23ab26','pk_org_v','1','#111111',null,'~',204,null, null,null,null,null,null,'N',0,null,'N','N','N',null,'N','N','N','refer','组织版本',28,'uap.org_v.name','','pk_org_v',null,'~',6,'9b4f82bc-66b4-4c3a-9a53-95d20f667d4f','uapbd/refer/orgv/BusinessUnitVersionDefaultAllTreeRef/index','业务单元版本(所有)',null,'N',null,null,null,'2020-11-10 09:14:04',null,'N',null);
            go
            insert into pub_form_property(pk_form_property,areaid,classid,code,colnum,color,creationtime,creator,datatype,dataval,defaultvalue,defaultvar,define1,define2,define3,disabled,dr,editformula,hyperlinkflag,iscode,isdefined,ismultiselectedenabled,isnextrow,isrevise,istotal,itemtype,label,maxlength,metadataproperty,metaid,metapath,modifiedtime,modifier,position,proid,refcode,refname,relatemeta,required,resid,showformula,textrows,ts,validateformula,visible,width)
            values('0001ZZZZ26f4f1e33028','0001ZZZZ2eba3105478d','1071b7b2-fb67-4a3c-922a-7fcb4b23ab26','code','1','#111111',null,'~',1,null, null,null,null,null,null,'N',0,null,'N','N','N',null,'N','N','N','input','编码',28,NULL,'','code',null,'~',2,'b5946789-b8b2-46da-8320-3b02a1f5b63c','/common-ref/','-99',null,'N',null,null,null,'2020-11-10 09:14:04',null,'Y',null);
            go
            insert into pub_form_property(pk_form_property,areaid,classid,code,colnum,color,creationtime,creator,datatype,dataval,defaultvalue,defaultvar,define1,define2,define3,disabled,dr,editformula,hyperlinkflag,iscode,isdefined,ismultiselectedenabled,isnextrow,isrevise,istotal,itemtype,label,maxlength,metadataproperty,metaid,metapath,modifiedtime,modifier,position,proid,refcode,refname,relatemeta,required,resid,showformula,textrows,ts,validateformula,visible,width)
            values('0001ZZZZ26f4f1e33029','0001ZZZZ2eba3105478d','1071b7b2-fb67-4a3c-922a-7fcb4b23ab26','rowno','1','#111111',null,'~',1,null, null,null,null,null,null,'N',0,null,'N','N','N',null,'N','N','N','input','行号',28,NULL,'','rowno',null,'~',31,'9e15cc2c-e749-4327-b8af-9f47a9c6fff3','/common-ref/','-99',null,'N',null,null,null,'2020-11-10 09:14:04',null,'Y',null);
            go
            insert into pub_form_property(pk_form_property,areaid,classid,code,colnum,color,creationtime,creator,datatype,dataval,defaultvalue,defaultvar,define1,define2,define3,disabled,dr,editformula,hyperlinkflag,iscode,isdefined,ismultiselectedenabled,isnextrow,isrevise,istotal,itemtype,label,maxlength,metadataproperty,metaid,metapath,modifiedtime,modifier,position,proid,refcode,refname,relatemeta,required,resid,showformula,textrows,ts,validateformula,visible,width)
            values('0001ZZZZ26f4f1e33030','0001ZZZZ2eba3105478d','1071b7b2-fb67-4a3c-922a-7fcb4b23ab26','pk_group','1','#111111',null,'~',204,null, null,null,null,null,null,'N',0,null,'N','N','N',null,'N','N','N','refer','集团',28,'uap.group.name','','pk_group',null,'~',4,'6faf62cc-db85-40b0-8b2e-53ae34a79f71','uap/refer/riart/groupTreeRef/index','集团',null,'Y',null,null,null,'2020-11-10 09:14:04',null,'Y',null);
            go




            insert into pub_form_property(pk_form_property,areaid,classid,code,colnum,color,creationtime,creator,datatype,dataval,defaultvalue,defaultvar,define1,define2,define3,disabled,dr,editformula,hyperlinkflag,iscode,isdefined,ismultiselectedenabled,isnextrow,isrevise,istotal,itemtype,label,maxlength,metadataproperty,metaid,metapath,modifiedtime,modifier,position,proid,refcode,refname,relatemeta,required,resid,showformula,textrows,ts,validateformula,visible,width)
            values('0001ZZZZ6e9046e2a001','0001ZZZZ53b20309f8ce','3c61705c-3b9e-4e53-8cd9-f3ee7fcbfe43','amount','1','#111111',null,'~',52,null, null,null,null,null,null,'N',0,null,'N','N','N',null,'N','N','N','number','总金额',28,NULL,'','id_subentity.amount',null,'~',2,'74d50f12-f06a-4797-93c1-cf8192256eed',null,null,null,'N',null,null,null,'2020-11-10 09:14:04',null,'Y',null);
            go

            insert into pub_form_property(pk_form_property,areaid,classid,code,colnum,color,creationtime,creator,datatype,dataval,defaultvalue,defaultvar,define1,define2,define3,disabled,dr,editformula,hyperlinkflag,iscode,isdefined,ismultiselectedenabled,isnextrow,isrevise,istotal,itemtype,label,maxlength,metadataproperty,metaid,metapath,modifiedtime,modifier,position,proid,refcode,refname,relatemeta,required,resid,showformula,textrows,ts,validateformula,visible,width)
            values('0001ZZZZ580513b92001','0001ZZZZ0a393a4e641b','3c61705c-3b9e-4e53-8cd9-f3ee7fcbfe43','amount','1','#111111',null,'~',52,null, null,null,null,null,null,'N',0,null,'N','N','N',null,'N','N','N','number','总金额',28,NULL,'','id_subentity.amount',null,'~',2,'edef5b80-3c9a-4f15-9b38-aafd561b62e5',null,null,null,'N',null,null,null,'2020-11-10 09:14:04',null,'Y',null);
            go

            insert into pub_form_property(pk_form_property,areaid,classid,code,colnum,color,creationtime,creator,datatype,dataval,defaultvalue,defaultvar,define1,define2,define3,disabled,dr,editformula,hyperlinkflag,iscode,isdefined,ismultiselectedenabled,isnextrow,isrevise,istotal,itemtype,label,maxlength,metadataproperty,metaid,metapath,modifiedtime,modifier,position,proid,refcode,refname,relatemeta,required,resid,showformula,textrows,ts,validateformula,visible,width)
            values('0001ZZZZ69e650813001','0001ZZZZ48eb36831871','3c61705c-3b9e-4e53-8cd9-f3ee7fcbfe43','amount','1','#111111',null,'~',52,null, null,null,null,null,null,'N',0,null,'N','N','N',null,'N','N','N','number','总金额',28,NULL,'','id_subentity.amount',null,'~',2,'6c21c3bf-699a-484b-a798-f959c81696ea',null,null,null,'N',null,null,null,'2020-11-10 09:14:04',null,'Y',null);
            go
