insert into pub_page_templet(pk_page_templet,appcode,clazz,code,creationtime,creator,dr,headcode,isdefault,metaid,modifiedtime,modifier,name,pagecode,parentid,pk_group,pk_org,resid,resmodule,templetdesc,ts)
values('0001ZZZZ1f5326555c46','91H10101','nc.vo.development.test02.AggMainEntity','91H10101_LIST',null,'~',0,'list_head','Y',null,null,'~','主子表列表','91H10101_LIST','root',null,null,null,null,'主子表列表页面','2020-11-10 09:14:04');
go

insert into pub_page_templet(pk_page_templet,appcode,clazz,code,creationtime,creator,dr,headcode,isdefault,metaid,modifiedtime,modifier,name,pagecode,parentid,pk_group,pk_org,resid,resmodule,templetdesc,ts)
values('0001ZZZZ05b7a98b5ce1','91H10101','nc.vo.development.test02.AggMainEntity','91H10101_CARD',null,'~',0,'card_head','N',null,null,'~','主子表卡片','91H10101_CARD','root',null,null,null,null,'主子表卡片页面','2020-11-10 09:14:04');
go

insert into pub_page_templet(pk_page_templet,appcode,clazz,code,creationtime,creator,dr,headcode,isdefault,metaid,modifiedtime,modifier,name,pagecode,parentid,pk_group,pk_org,resid,resmodule,templetdesc,ts)
values('0001ZZZZc1e2cf5109f4','91H10101','nc.vo.development.test02.AggMainEntity','91H10101L_CARD',null,'~',0,'card_head','N',null,null,'~','主子表联查卡片','91H10101L_CARD','root',null,null,null,null,'主子表联查卡片页面','2020-11-10 09:14:04');
go

insert into pub_page_templet(pk_page_templet,appcode,clazz,code,creationtime,creator,dr,headcode,isdefault,metaid,modifiedtime,modifier,name,pagecode,parentid,pk_group,pk_org,resid,resmodule,templetdesc,ts)
values('0001ZZZZ18eddff69406','91H10101A','nc.vo.development.test02.AggMainEntity','91H10101A_CARD',null,'~',0,'card_head','N',null,null,'~','主子表审批卡片','91H10101A_CARD','root',null,null,null,null,'主子表审批卡片页面','2020-11-10 09:14:04');
go







insert into pub_area(pk_area,areadesc,areastatus,areatype,clazz,code,creationtime,creator,dr,isunfold,metaid,metaname,metaspace,modifiedtime,modifier,name,pagination,position,relationcode,resid,templetid,ts)
values('0001ZZZZ4dc7d1b0189e',null,'browse',0,'nc.vo.development.test02.MainEntity','list_query',null,'~',0,null,'1071b7b2-fb67-4a3c-922a-7fcb4b23ab26','主表',null,null,'~','查询区',null,2,null,'','0001ZZZZ1f5326555c46','2020-11-10 09:14:04');
go
insert into pub_area(pk_area,areadesc,areastatus,areatype,clazz,code,creationtime,creator,dr,isunfold,metaid,metaname,metaspace,modifiedtime,modifier,name,pagination,position,relationcode,resid,templetid,ts)
values('0001ZZZZ04731a086782',null,'browse',2,'nc.vo.development.test02.MainEntity','list_head',null,'~',0,null,'1071b7b2-fb67-4a3c-922a-7fcb4b23ab26','主表',null,null,'~','表头',null,1,null,'','0001ZZZZ1f5326555c46','2020-11-10 09:14:04');
go




insert into pub_area(pk_area,areadesc,areastatus,areatype,clazz,code,creationtime,creator,dr,isunfold,metaid,metaname,metaspace,modifiedtime,modifier,name,pagination,position,relationcode,resid,templetid,ts)
values('0001ZZZZc061e4b05ecf',null,'browse',1,'nc.vo.development.test02.MainEntity','card_head',null,'~',0,null,'1071b7b2-fb67-4a3c-922a-7fcb4b23ab26','主表','development.test02',null,'~','主表',null,1,null,null,'0001ZZZZ05b7a98b5ce1','2020-11-10 09:14:04');
go
insert into pub_area(pk_area,areadesc,areastatus,areatype,clazz,code,creationtime,creator,dr,isunfold,metaid,metaname,metaspace,modifiedtime,modifier,name,pagination,position,relationcode,resid,templetid,ts)
values('0001ZZZZ7e11893620a0',null,'browse',1,'nc.vo.development.test02.MainEntity','card_operate',null,'~',0,null,'1071b7b2-fb67-4a3c-922a-7fcb4b23ab26','主表','development.test02',null,'~','操作信息',null,2,'card_head',null,'0001ZZZZ05b7a98b5ce1','2020-11-10 09:14:04');
go
insert into pub_area(pk_area,areadesc,areastatus,areatype,clazz,code,creationtime,creator,dr,isunfold,metaid,metaname,metaspace,modifiedtime,modifier,name,pagination,position,relationcode,resid,templetid,ts)
values('0001ZZZZ20de8f11d88e',null,'browse',2,'nc.vo.development.test02.SubEntity','card_body',null,'~',0,null,'1071b7b2-fb67-4a3c-922a-7fcb4b23ab26','主表','development.test02',null,'~','子表',null,3,null,null,'0001ZZZZ05b7a98b5ce1','2020-11-10 09:14:04');
go
insert into pub_area(pk_area,areadesc,areastatus,areatype,clazz,code,creationtime,creator,dr,isunfold,metaid,metaname,metaspace,modifiedtime,modifier,name,pagination,position,relationcode,resid,templetid,ts)
values('0001ZZZZaa6182553f10',null,'edit',1,'nc.vo.development.test02.SubEntity','card_body_edit',null,'~',0,null,'1071b7b2-fb67-4a3c-922a-7fcb4b23ab26','主表','development.test02',null,'~','子表',null,4,'card_body',null,'0001ZZZZ05b7a98b5ce1','2020-11-10 09:14:04');
go
insert into pub_area(pk_area,areadesc,areastatus,areatype,clazz,code,creationtime,creator,dr,isunfold,metaid,metaname,metaspace,modifiedtime,modifier,name,pagination,position,relationcode,resid,templetid,ts)
values('0001ZZZZ2e22fc124585',null,'browse',1,'nc.vo.development.test02.SubEntity','card_body_browse',null,'~',0,null,'1071b7b2-fb67-4a3c-922a-7fcb4b23ab26','主表','development.test02',null,'~','子表',null,5,'card_body',null,'0001ZZZZ05b7a98b5ce1','2020-11-10 09:14:04');
go


insert into pub_area(pk_area,areadesc,areastatus,areatype,clazz,code,creationtime,creator,dr,isunfold,metaid,metaname,metaspace,modifiedtime,modifier,name,pagination,position,relationcode,resid,templetid,ts)
values('0001ZZZZ255abe16270e',null,'browse',1,'nc.vo.development.test02.MainEntity','card_head',null,'~',0,null,'1071b7b2-fb67-4a3c-922a-7fcb4b23ab26','主表','development.test02',null,'~','主表',null,1,null,null,'0001ZZZZc1e2cf5109f4','2020-11-10 09:14:04');
go
insert into pub_area(pk_area,areadesc,areastatus,areatype,clazz,code,creationtime,creator,dr,isunfold,metaid,metaname,metaspace,modifiedtime,modifier,name,pagination,position,relationcode,resid,templetid,ts)
values('0001ZZZZ3fed5cd4a3dd',null,'browse',1,'nc.vo.development.test02.MainEntity','card_operate',null,'~',0,null,'1071b7b2-fb67-4a3c-922a-7fcb4b23ab26','主表','development.test02',null,'~','操作信息',null,2,'card_head',null,'0001ZZZZc1e2cf5109f4','2020-11-10 09:14:04');
go
insert into pub_area(pk_area,areadesc,areastatus,areatype,clazz,code,creationtime,creator,dr,isunfold,metaid,metaname,metaspace,modifiedtime,modifier,name,pagination,position,relationcode,resid,templetid,ts)
values('0001ZZZZb4b8e7a5258f',null,'browse',2,'nc.vo.development.test02.SubEntity','card_body',null,'~',0,null,'1071b7b2-fb67-4a3c-922a-7fcb4b23ab26','主表','development.test02',null,'~','子表',null,3,null,null,'0001ZZZZc1e2cf5109f4','2020-11-10 09:14:04');
go
insert into pub_area(pk_area,areadesc,areastatus,areatype,clazz,code,creationtime,creator,dr,isunfold,metaid,metaname,metaspace,modifiedtime,modifier,name,pagination,position,relationcode,resid,templetid,ts)
values('0001ZZZZ6fcf5abf9153',null,'edit',1,'nc.vo.development.test02.SubEntity','card_body_edit',null,'~',0,null,'1071b7b2-fb67-4a3c-922a-7fcb4b23ab26','主表','development.test02',null,'~','子表',null,4,'card_body',null,'0001ZZZZc1e2cf5109f4','2020-11-10 09:14:04');
go
insert into pub_area(pk_area,areadesc,areastatus,areatype,clazz,code,creationtime,creator,dr,isunfold,metaid,metaname,metaspace,modifiedtime,modifier,name,pagination,position,relationcode,resid,templetid,ts)
values('0001ZZZZ1f957c625ff0',null,'browse',1,'nc.vo.development.test02.SubEntity','card_body_browse',null,'~',0,null,'1071b7b2-fb67-4a3c-922a-7fcb4b23ab26','主表','development.test02',null,'~','子表',null,5,'card_body',null,'0001ZZZZc1e2cf5109f4','2020-11-10 09:14:04');
go

insert into pub_area(pk_area,areadesc,areastatus,areatype,clazz,code,creationtime,creator,dr,isunfold,metaid,metaname,metaspace,modifiedtime,modifier,name,pagination,position,relationcode,resid,templetid,ts)
values('0001ZZZZc64d47378c29',null,'browse',1,'nc.vo.development.test02.MainEntity','card_head',null,'~',0,null,'1071b7b2-fb67-4a3c-922a-7fcb4b23ab26','主表','development.test02',null,'~','主表',null,1,null,null,'0001ZZZZ18eddff69406','2020-11-10 09:14:04');
go
insert into pub_area(pk_area,areadesc,areastatus,areatype,clazz,code,creationtime,creator,dr,isunfold,metaid,metaname,metaspace,modifiedtime,modifier,name,pagination,position,relationcode,resid,templetid,ts)
values('0001ZZZZe9557d59bc4a',null,'browse',1,'nc.vo.development.test02.MainEntity','card_operate',null,'~',0,null,'1071b7b2-fb67-4a3c-922a-7fcb4b23ab26','主表','development.test02',null,'~','操作信息',null,2,'card_head',null,'0001ZZZZ18eddff69406','2020-11-10 09:14:04');
go
insert into pub_area(pk_area,areadesc,areastatus,areatype,clazz,code,creationtime,creator,dr,isunfold,metaid,metaname,metaspace,modifiedtime,modifier,name,pagination,position,relationcode,resid,templetid,ts)
values('0001ZZZZ1b0e9934b2b3',null,'browse',2,'nc.vo.development.test02.SubEntity','card_body',null,'~',0,null,'1071b7b2-fb67-4a3c-922a-7fcb4b23ab26','主表','development.test02',null,'~','子表',null,3,null,null,'0001ZZZZ18eddff69406','2020-11-10 09:14:04');
go
insert into pub_area(pk_area,areadesc,areastatus,areatype,clazz,code,creationtime,creator,dr,isunfold,metaid,metaname,metaspace,modifiedtime,modifier,name,pagination,position,relationcode,resid,templetid,ts)
values('0001ZZZZ2376bff207ee',null,'edit',1,'nc.vo.development.test02.SubEntity','card_body_edit',null,'~',0,null,'1071b7b2-fb67-4a3c-922a-7fcb4b23ab26','主表','development.test02',null,'~','子表',null,4,'card_body',null,'0001ZZZZ18eddff69406','2020-11-10 09:14:04');
go
insert into pub_area(pk_area,areadesc,areastatus,areatype,clazz,code,creationtime,creator,dr,isunfold,metaid,metaname,metaspace,modifiedtime,modifier,name,pagination,position,relationcode,resid,templetid,ts)
values('0001ZZZZ8d02d29ad76b',null,'browse',1,'nc.vo.development.test02.SubEntity','card_body_browse',null,'~',0,null,'1071b7b2-fb67-4a3c-922a-7fcb4b23ab26','主表','development.test02',null,'~','子表',null,5,'card_body',null,'0001ZZZZ18eddff69406','2020-11-10 09:14:04');
go




            insert into pub_query_property(pk_query_property,areaid,classid,code,containlower,creationtime,creator,datatype,dataval,defaultvalue,define1,define2,define3,define4,define5,disabled,dr,isbeyondorg,ischeck,isdefined,isfixedcondition,ismultiselectedenabled,isnotmeta,isquerycondition,isuse,itemtype,label,maxlength,metadataproperty,metapath,opersign,opersignname,position,proid,querytablename,refcode,refname,required,resid,returntype,showtype,tablecode,ts,usefunc,visible,visibleposition,width)
            values('0001ZZZZ9a3c4b376fe0','0001ZZZZ4dc7d1b0189e','1071b7b2-fb67-4a3c-922a-7fcb4b23ab26','id',null,null,'~',1,'','','','','','','','N',0,'N','N','N','N','N','N','Y','Y','input','id',20,NULL,'id','=@','等于@',27,'6ad8d2f3-2753-4982-baab-aaffa97862cc','','/common-ref/','-99','N','','refpk',1,'','2020-11-10 09:14:04','N','Y',null,1);
            go
            insert into pub_query_property(pk_query_property,areaid,classid,code,containlower,creationtime,creator,datatype,dataval,defaultvalue,define1,define2,define3,define4,define5,disabled,dr,isbeyondorg,ischeck,isdefined,isfixedcondition,ismultiselectedenabled,isnotmeta,isquerycondition,isuse,itemtype,label,maxlength,metadataproperty,metapath,opersign,opersignname,position,proid,querytablename,refcode,refname,required,resid,returntype,showtype,tablecode,ts,usefunc,visible,visibleposition,width)
            values('0001ZZZZ443eb281e8cc','0001ZZZZ4dc7d1b0189e','1071b7b2-fb67-4a3c-922a-7fcb4b23ab26','name',null,null,'~',1,'','','','','','','','N',0,'N','N','N','N','N','N','Y','Y','input','name',50,NULL,'name','=@','等于@',28,'cf006f17-3c5e-4bf6-848c-55c45d3c9fb7','','/common-ref/','-99','N','','refpk',1,'','2020-11-10 09:14:04','N','Y',null,1);
            go
            insert into pub_query_property(pk_query_property,areaid,classid,code,containlower,creationtime,creator,datatype,dataval,defaultvalue,define1,define2,define3,define4,define5,disabled,dr,isbeyondorg,ischeck,isdefined,isfixedcondition,ismultiselectedenabled,isnotmeta,isquerycondition,isuse,itemtype,label,maxlength,metadataproperty,metapath,opersign,opersignname,position,proid,querytablename,refcode,refname,required,resid,returntype,showtype,tablecode,ts,usefunc,visible,visibleposition,width)
            values('0001ZZZZ5fdd594e7df3','0001ZZZZ4dc7d1b0189e','1071b7b2-fb67-4a3c-922a-7fcb4b23ab26','busitype',null,null,'~',204,'','','','','','','','N',0,'N','N','N','N','N','N','Y','Y','refer','业务类型',20,'uap.BusitypeVO.businame','busitype','=@','等于@',14,'be93b802-c8be-4877-af46-3e70490cbe9a','','uap/refer/riart/busitype/index','业务流程','N','','refpk',1,'','2020-11-10 09:14:04','N','Y',null,1);
            go
            insert into pub_query_property(pk_query_property,areaid,classid,code,containlower,creationtime,creator,datatype,dataval,defaultvalue,define1,define2,define3,define4,define5,disabled,dr,isbeyondorg,ischeck,isdefined,isfixedcondition,ismultiselectedenabled,isnotmeta,isquerycondition,isuse,itemtype,label,maxlength,metadataproperty,metapath,opersign,opersignname,position,proid,querytablename,refcode,refname,required,resid,returntype,showtype,tablecode,ts,usefunc,visible,visibleposition,width)
            values('0001ZZZZ65b06520ebc0','0001ZZZZ4dc7d1b0189e','1071b7b2-fb67-4a3c-922a-7fcb4b23ab26','pk_m',null,null,'~',1,'','','','','','','','N',0,'N','N','N','N','N','Y','Y','Y','input','主键',20,NULL,'pk_m','=@','等于@',1,'beb61d18-fa74-4f16-a34f-03c1abc06466','','/common-ref/','-99','N','','refpk',1,'','2020-11-10 09:14:04','N','N',null,1);
            go
            insert into pub_query_property(pk_query_property,areaid,classid,code,containlower,creationtime,creator,datatype,dataval,defaultvalue,define1,define2,define3,define4,define5,disabled,dr,isbeyondorg,ischeck,isdefined,isfixedcondition,ismultiselectedenabled,isnotmeta,isquerycondition,isuse,itemtype,label,maxlength,metadataproperty,metapath,opersign,opersignname,position,proid,querytablename,refcode,refname,required,resid,returntype,showtype,tablecode,ts,usefunc,visible,visibleposition,width)
            values('0001ZZZZ43c97cc4ca1a','0001ZZZZ4dc7d1b0189e','1071b7b2-fb67-4a3c-922a-7fcb4b23ab26','transtype',null,null,'~',204,'','','','','','','','N',0,'N','N','N','N','N','N','Y','Y','refer','交易类型',20,'riart.transtype.billtypename','transtype','=@','等于@',20,'da3931c9-6867-44a3-aab8-6b9039a22cc7','','/common-ref/','交易类型','N','','refpk',1,'','2020-11-10 09:14:04','N','Y',null,1);
            go
            insert into pub_query_property(pk_query_property,areaid,classid,code,containlower,creationtime,creator,datatype,dataval,defaultvalue,define1,define2,define3,define4,define5,disabled,dr,isbeyondorg,ischeck,isdefined,isfixedcondition,ismultiselectedenabled,isnotmeta,isquerycondition,isuse,itemtype,label,maxlength,metadataproperty,metapath,opersign,opersignname,position,proid,querytablename,refcode,refname,required,resid,returntype,showtype,tablecode,ts,usefunc,visible,visibleposition,width)
            values('0001ZZZZad1cbdb47072','0001ZZZZ4dc7d1b0189e','1071b7b2-fb67-4a3c-922a-7fcb4b23ab26','transtypepk',null,null,'~',1,'','','','','','','','N',0,'N','N','N','N','N','Y','Y','Y','input','交易类型pk',20,NULL,'transtypepk','=@','等于@',22,'e83e23c0-6268-4355-a74c-cf29f71b0da2','','/common-ref/','-99','N','','refpk',1,'','2020-11-10 09:14:04','N','Y',null,1);
            go
            insert into pub_query_property(pk_query_property,areaid,classid,code,containlower,creationtime,creator,datatype,dataval,defaultvalue,define1,define2,define3,define4,define5,disabled,dr,isbeyondorg,ischeck,isdefined,isfixedcondition,ismultiselectedenabled,isnotmeta,isquerycondition,isuse,itemtype,label,maxlength,metadataproperty,metapath,opersign,opersignname,position,proid,querytablename,refcode,refname,required,resid,returntype,showtype,tablecode,ts,usefunc,visible,visibleposition,width)
            values('0001ZZZZf3d3871314be','0001ZZZZ4dc7d1b0189e','1071b7b2-fb67-4a3c-922a-7fcb4b23ab26','modifier',null,null,'~',204,'','','','','','','','N',0,'N','N','N','N','N','N','Y','Y','refer','修改人',20,'uap.user.user_name','modifier','=@','等于@',9,'e6eb3439-3bd0-47a0-b8bd-34ce5b282951','','uap/refer/riart/userDefaultRefer/index','用户','N','','refpk',1,'','2020-11-10 09:14:04','N','Y',null,1);
            go
            insert into pub_query_property(pk_query_property,areaid,classid,code,containlower,creationtime,creator,datatype,dataval,defaultvalue,define1,define2,define3,define4,define5,disabled,dr,isbeyondorg,ischeck,isdefined,isfixedcondition,ismultiselectedenabled,isnotmeta,isquerycondition,isuse,itemtype,label,maxlength,metadataproperty,metapath,opersign,opersignname,position,proid,querytablename,refcode,refname,required,resid,returntype,showtype,tablecode,ts,usefunc,visible,visibleposition,width)
            values('0001ZZZZead9df7ac541','0001ZZZZ4dc7d1b0189e','1071b7b2-fb67-4a3c-922a-7fcb4b23ab26','modifiedtime',null,null,'~',34,'','','','','','','','N',0,'N','N','N','N','N','N','Y','Y','datetimepicker','修改时间',19,NULL,'modifiedtime','=@','等于@',10,'ca4c0d5e-7389-493b-a2f3-4b9d53351b2e','','/common-ref/','-99','N','','refpk',1,'','2020-11-10 09:14:04','N','Y',null,1);
            go
            insert into pub_query_property(pk_query_property,areaid,classid,code,containlower,creationtime,creator,datatype,dataval,defaultvalue,define1,define2,define3,define4,define5,disabled,dr,isbeyondorg,ischeck,isdefined,isfixedcondition,ismultiselectedenabled,isnotmeta,isquerycondition,isuse,itemtype,label,maxlength,metadataproperty,metapath,opersign,opersignname,position,proid,querytablename,refcode,refname,required,resid,returntype,showtype,tablecode,ts,usefunc,visible,visibleposition,width)
            values('0001ZZZZ1592cd68d799','0001ZZZZ4dc7d1b0189e','1071b7b2-fb67-4a3c-922a-7fcb4b23ab26','emendenum',null,null,'~',4,'','','','','','','','N',0,'N','N','N','N','N','N','Y','Y','number','修订枚举',50,NULL,'emendenum','=@','等于@',25,'c9119850-6f82-4101-91ed-0314eafd071f','','/common-ref/','-99','N','','refpk',1,'','2020-11-10 09:14:04','N','Y',null,1);
            go
            insert into pub_query_property(pk_query_property,areaid,classid,code,containlower,creationtime,creator,datatype,dataval,defaultvalue,define1,define2,define3,define4,define5,disabled,dr,isbeyondorg,ischeck,isdefined,isfixedcondition,ismultiselectedenabled,isnotmeta,isquerycondition,isuse,itemtype,label,maxlength,metadataproperty,metapath,opersign,opersignname,position,proid,querytablename,refcode,refname,required,resid,returntype,showtype,tablecode,ts,usefunc,visible,visibleposition,width)
            values('0001ZZZZa69e4c11f307','0001ZZZZ4dc7d1b0189e','1071b7b2-fb67-4a3c-922a-7fcb4b23ab26','creator',null,null,'~',204,'','','','','','','','N',0,'N','N','N','N','N','N','Y','Y','refer','创建人',20,'uap.user.user_name','creator','=@','等于@',7,'d1483d6f-43a3-4f28-be1e-39b4c7dd98b4','','uap/refer/riart/userDefaultRefer/index','用户','N','','refpk',1,'','2020-11-10 09:14:04','N','Y',null,1);
            go
            insert into pub_query_property(pk_query_property,areaid,classid,code,containlower,creationtime,creator,datatype,dataval,defaultvalue,define1,define2,define3,define4,define5,disabled,dr,isbeyondorg,ischeck,isdefined,isfixedcondition,ismultiselectedenabled,isnotmeta,isquerycondition,isuse,itemtype,label,maxlength,metadataproperty,metapath,opersign,opersignname,position,proid,querytablename,refcode,refname,required,resid,returntype,showtype,tablecode,ts,usefunc,visible,visibleposition,width)
            values('0001ZZZZ6cd5bb0219bc','0001ZZZZ4dc7d1b0189e','1071b7b2-fb67-4a3c-922a-7fcb4b23ab26','creationtime',null,null,'~',34,'','','','','','','','N',0,'N','N','N','N','N','N','Y','Y','datetimepicker','创建时间',19,NULL,'creationtime','=@','等于@',8,'c4f811f5-f73d-4955-9781-bd2a8f1d9b45','','/common-ref/','-99','N','','refpk',1,'','2020-11-10 09:14:04','N','Y',null,1);
            go
            insert into pub_query_property(pk_query_property,areaid,classid,code,containlower,creationtime,creator,datatype,dataval,defaultvalue,define1,define2,define3,define4,define5,disabled,dr,isbeyondorg,ischeck,isdefined,isfixedcondition,ismultiselectedenabled,isnotmeta,isquerycondition,isuse,itemtype,label,maxlength,metadataproperty,metapath,opersign,opersignname,position,proid,querytablename,refcode,refname,required,resid,returntype,showtype,tablecode,ts,usefunc,visible,visibleposition,width)
            values('0001ZZZZ5f1d113075b7','0001ZZZZ4dc7d1b0189e','1071b7b2-fb67-4a3c-922a-7fcb4b23ab26','billmaker',null,null,'~',1,'','','','','','','','N',0,'N','N','N','N','N','N','Y','Y','input','制单人',50,NULL,'billmaker','=@','等于@',15,'1a323cd4-b24b-4b94-b2db-71329422baab','','/common-ref/','-99','N','','refpk',1,'','2020-11-10 09:14:04','N','Y',null,1);
            go
            insert into pub_query_property(pk_query_property,areaid,classid,code,containlower,creationtime,creator,datatype,dataval,defaultvalue,define1,define2,define3,define4,define5,disabled,dr,isbeyondorg,ischeck,isdefined,isfixedcondition,ismultiselectedenabled,isnotmeta,isquerycondition,isuse,itemtype,label,maxlength,metadataproperty,metapath,opersign,opersignname,position,proid,querytablename,refcode,refname,required,resid,returntype,showtype,tablecode,ts,usefunc,visible,visibleposition,width)
            values('0001ZZZZ058355a29209','0001ZZZZ4dc7d1b0189e','1071b7b2-fb67-4a3c-922a-7fcb4b23ab26','maketime',null,null,'~',34,'','','','','','','','N',0,'N','N','N','N','N','Y','Y','Y','datetimepicker','制单时间',19,NULL,'maketime','=@','等于@',29,'ae05aac7-9663-4467-b018-529fef8b8553','','/common-ref/','-99','N','','refpk',1,'','2020-11-10 09:14:04','N','Y',null,1);
            go
            insert into pub_query_property(pk_query_property,areaid,classid,code,containlower,creationtime,creator,datatype,dataval,defaultvalue,define1,define2,define3,define4,define5,disabled,dr,isbeyondorg,ischeck,isdefined,isfixedcondition,ismultiselectedenabled,isnotmeta,isquerycondition,isuse,itemtype,label,maxlength,metadataproperty,metapath,opersign,opersignname,position,proid,querytablename,refcode,refname,required,resid,returntype,showtype,tablecode,ts,usefunc,visible,visibleposition,width)
            values('0001ZZZZ335e2192b43d','0001ZZZZ4dc7d1b0189e','1071b7b2-fb67-4a3c-922a-7fcb4b23ab26','billid',null,null,'~',1,'','','','','','','','N',0,'N','N','N','N','N','N','Y','Y','input','单据ID',50,NULL,'billid','=@','等于@',11,'31fbc995-d260-4ef8-91f5-07fdc190ea71','','/common-ref/','-99','N','','refpk',1,'','2020-11-10 09:14:04','N','Y',null,1);
            go
            insert into pub_query_property(pk_query_property,areaid,classid,code,containlower,creationtime,creator,datatype,dataval,defaultvalue,define1,define2,define3,define4,define5,disabled,dr,isbeyondorg,ischeck,isdefined,isfixedcondition,ismultiselectedenabled,isnotmeta,isquerycondition,isuse,itemtype,label,maxlength,metadataproperty,metapath,opersign,opersignname,position,proid,querytablename,refcode,refname,required,resid,returntype,showtype,tablecode,ts,usefunc,visible,visibleposition,width)
            values('0001ZZZZa0a272b331c9','0001ZZZZ4dc7d1b0189e','1071b7b2-fb67-4a3c-922a-7fcb4b23ab26','billversionpk',null,null,'~',1,'','','','','','','','N',0,'N','N','N','N','N','N','Y','Y','input','单据版本pk',50,NULL,'billversionpk','=@','等于@',26,'23880988-e18c-42f7-9361-b21ee0049c0e','','/common-ref/','-99','N','','refpk',1,'','2020-11-10 09:14:04','N','Y',null,1);
            go
            insert into pub_query_property(pk_query_property,areaid,classid,code,containlower,creationtime,creator,datatype,dataval,defaultvalue,define1,define2,define3,define4,define5,disabled,dr,isbeyondorg,ischeck,isdefined,isfixedcondition,ismultiselectedenabled,isnotmeta,isquerycondition,isuse,itemtype,label,maxlength,metadataproperty,metapath,opersign,opersignname,position,proid,querytablename,refcode,refname,required,resid,returntype,showtype,tablecode,ts,usefunc,visible,visibleposition,width)
            values('0001ZZZZ4cf90d20cb70','0001ZZZZ4dc7d1b0189e','1071b7b2-fb67-4a3c-922a-7fcb4b23ab26','billtype',null,null,'~',204,'','','','','','','','N',0,'N','N','N','N','N','N','Y','Y','refer','单据类型',20,'uap.BilltypeVO.billtypename','billtype','=@','等于@',21,'4aea5e10-931b-4b4a-a8da-5c3666264c9c','','uap/refer/riart/billtype/index','影响因素单据类型','N','','refpk',1,'','2020-11-10 09:14:04','N','Y',null,1);
            go
            insert into pub_query_property(pk_query_property,areaid,classid,code,containlower,creationtime,creator,datatype,dataval,defaultvalue,define1,define2,define3,define4,define5,disabled,dr,isbeyondorg,ischeck,isdefined,isfixedcondition,ismultiselectedenabled,isnotmeta,isquerycondition,isuse,itemtype,label,maxlength,metadataproperty,metapath,opersign,opersignname,position,proid,querytablename,refcode,refname,required,resid,returntype,showtype,tablecode,ts,usefunc,visible,visibleposition,width)
            values('0001ZZZZ2d3a9bcd59cd','0001ZZZZ4dc7d1b0189e','1071b7b2-fb67-4a3c-922a-7fcb4b23ab26','approver',null,null,'~',1,'','','','','','','','N',0,'N','N','N','N','N','N','Y','Y','input','审批人',50,NULL,'approver','=@','等于@',16,'7631529c-4c93-4fb4-be4b-7fa6f5af478e','','/common-ref/','-99','N','','refpk',1,'','2020-11-10 09:14:04','N','Y',null,1);
            go
            insert into pub_query_property(pk_query_property,areaid,classid,code,containlower,creationtime,creator,datatype,dataval,defaultvalue,define1,define2,define3,define4,define5,disabled,dr,isbeyondorg,ischeck,isdefined,isfixedcondition,ismultiselectedenabled,isnotmeta,isquerycondition,isuse,itemtype,label,maxlength,metadataproperty,metapath,opersign,opersignname,position,proid,querytablename,refcode,refname,required,resid,returntype,showtype,tablecode,ts,usefunc,visible,visibleposition,width)
            values('0001ZZZZ8aa17d9066ff','0001ZZZZ4dc7d1b0189e','1071b7b2-fb67-4a3c-922a-7fcb4b23ab26','approvenote',null,null,'~',1,'','','','','','','','N',0,'N','N','N','N','N','N','Y','Y','input','审批批语',50,NULL,'approvenote','=@','等于@',18,'44ac8223-2575-4faa-9ea0-6b56f6176b31','','/common-ref/','-99','N','','refpk',1,'','2020-11-10 09:14:04','N','Y',null,1);
            go
            insert into pub_query_property(pk_query_property,areaid,classid,code,containlower,creationtime,creator,datatype,dataval,defaultvalue,define1,define2,define3,define4,define5,disabled,dr,isbeyondorg,ischeck,isdefined,isfixedcondition,ismultiselectedenabled,isnotmeta,isquerycondition,isuse,itemtype,label,maxlength,metadataproperty,metapath,opersign,opersignname,position,proid,querytablename,refcode,refname,required,resid,returntype,showtype,tablecode,ts,usefunc,visible,visibleposition,width)
            values('0001ZZZZ47d13b49eb0b','0001ZZZZ4dc7d1b0189e','1071b7b2-fb67-4a3c-922a-7fcb4b23ab26','approvedate',null,null,'~',34,'','','','','','','','N',0,'N','N','N','N','N','N','Y','Y','datetimepicker','审批时间',19,NULL,'approvedate','=@','等于@',19,'b09b6a48-45d1-431d-b44d-9586d853753d','','/common-ref/','-99','N','','refpk',1,'','2020-11-10 09:14:04','N','Y',null,1);
            go
            insert into pub_query_property(pk_query_property,areaid,classid,code,containlower,creationtime,creator,datatype,dataval,defaultvalue,define1,define2,define3,define4,define5,disabled,dr,isbeyondorg,ischeck,isdefined,isfixedcondition,ismultiselectedenabled,isnotmeta,isquerycondition,isuse,itemtype,label,maxlength,metadataproperty,metapath,opersign,opersignname,position,proid,querytablename,refcode,refname,required,resid,returntype,showtype,tablecode,ts,usefunc,visible,visibleposition,width)
            values('0001ZZZZ5094ea062762','0001ZZZZ4dc7d1b0189e','1071b7b2-fb67-4a3c-922a-7fcb4b23ab26','approvestatus',null,null,'~',203,'自由=-1,审批未通过=0,审批通过=1,审批进行中=2,提交=3','','','','','','','N',0,'N','N','N','N','N','N','Y','Y','select','审批状态',50,NULL,'approvestatus','=@','等于@',17,'a6abd824-0795-42c3-8b96-695ae4c66b99','','/common-ref/','-99','N','','refpk',1,'','2020-11-10 09:14:04','N','Y',null,1);
            go
            insert into pub_query_property(pk_query_property,areaid,classid,code,containlower,creationtime,creator,datatype,dataval,defaultvalue,define1,define2,define3,define4,define5,disabled,dr,isbeyondorg,ischeck,isdefined,isfixedcondition,ismultiselectedenabled,isnotmeta,isquerycondition,isuse,itemtype,label,maxlength,metadataproperty,metapath,opersign,opersignname,position,proid,querytablename,refcode,refname,required,resid,returntype,showtype,tablecode,ts,usefunc,visible,visibleposition,width)
            values('0001ZZZZdb7888813545','0001ZZZZ4dc7d1b0189e','1071b7b2-fb67-4a3c-922a-7fcb4b23ab26','pkorg',null,null,'~',1,'','','','','','','','N',0,'N','N','N','N','N','N','Y','Y','input','所属组织',50,NULL,'pkorg','=@','等于@',13,'96454be8-42e8-4fa9-bbd8-2b7e77b6b41c','','/common-ref/','-99','N','','refpk',1,'','2020-11-10 09:14:04','N','Y',null,1);
            go
            insert into pub_query_property(pk_query_property,areaid,classid,code,containlower,creationtime,creator,datatype,dataval,defaultvalue,define1,define2,define3,define4,define5,disabled,dr,isbeyondorg,ischeck,isdefined,isfixedcondition,ismultiselectedenabled,isnotmeta,isquerycondition,isuse,itemtype,label,maxlength,metadataproperty,metapath,opersign,opersignname,position,proid,querytablename,refcode,refname,required,resid,returntype,showtype,tablecode,ts,usefunc,visible,visibleposition,width)
            values('0001ZZZZa67ca5c73c08','0001ZZZZ4dc7d1b0189e','1071b7b2-fb67-4a3c-922a-7fcb4b23ab26','lastmaketime',null,null,'~',34,'','','','','','','','N',0,'N','N','N','N','N','N','Y','Y','datetimepicker','最后修改时间',19,NULL,'lastmaketime','=@','等于@',30,'5d0f0b9c-b23f-47c5-ace7-2de3b79d0f14','','/common-ref/','-99','N','','refpk',1,'','2020-11-10 09:14:04','N','Y',null,1);
            go
            insert into pub_query_property(pk_query_property,areaid,classid,code,containlower,creationtime,creator,datatype,dataval,defaultvalue,define1,define2,define3,define4,define5,disabled,dr,isbeyondorg,ischeck,isdefined,isfixedcondition,ismultiselectedenabled,isnotmeta,isquerycondition,isuse,itemtype,label,maxlength,metadataproperty,metapath,opersign,opersignname,position,proid,querytablename,refcode,refname,required,resid,returntype,showtype,tablecode,ts,usefunc,visible,visibleposition,width)
            values('0001ZZZZ73aa5b228ebf','0001ZZZZ4dc7d1b0189e','1071b7b2-fb67-4a3c-922a-7fcb4b23ab26','srcbillid',null,null,'~',1,'','','','','','','','N',0,'N','N','N','N','N','N','Y','Y','input','来源单据id',50,NULL,'srcbillid','=@','等于@',24,'e88e8cee-8cc4-4e5e-a0bf-b1d0055a918f','','/common-ref/','-99','N','','refpk',1,'','2020-11-10 09:14:04','N','Y',null,1);
            go
            insert into pub_query_property(pk_query_property,areaid,classid,code,containlower,creationtime,creator,datatype,dataval,defaultvalue,define1,define2,define3,define4,define5,disabled,dr,isbeyondorg,ischeck,isdefined,isfixedcondition,ismultiselectedenabled,isnotmeta,isquerycondition,isuse,itemtype,label,maxlength,metadataproperty,metapath,opersign,opersignname,position,proid,querytablename,refcode,refname,required,resid,returntype,showtype,tablecode,ts,usefunc,visible,visibleposition,width)
            values('0001ZZZZ86a3afacb0d7','0001ZZZZ4dc7d1b0189e','1071b7b2-fb67-4a3c-922a-7fcb4b23ab26','srcbilltype',null,null,'~',1,'','','','','','','','N',0,'N','N','N','N','N','N','Y','Y','input','来源单据类型',50,NULL,'srcbilltype','=@','等于@',23,'8db8545d-a73c-4942-a006-a1b91206aa72','','/common-ref/','-99','N','','refpk',1,'','2020-11-10 09:14:04','N','Y',null,1);
            go
            insert into pub_query_property(pk_query_property,areaid,classid,code,containlower,creationtime,creator,datatype,dataval,defaultvalue,define1,define2,define3,define4,define5,disabled,dr,isbeyondorg,ischeck,isdefined,isfixedcondition,ismultiselectedenabled,isnotmeta,isquerycondition,isuse,itemtype,label,maxlength,metadataproperty,metapath,opersign,opersignname,position,proid,querytablename,refcode,refname,required,resid,returntype,showtype,tablecode,ts,usefunc,visible,visibleposition,width)
            values('0001ZZZZea4dc0ae3d7e','0001ZZZZ4dc7d1b0189e','1071b7b2-fb67-4a3c-922a-7fcb4b23ab26','pk_org',null,null,'~',204,'','','','','','','','N',0,'N','N','N','N','N','N','Y','Y','refer','组织',20,'uap.org.name','pk_org','=@','等于@',5,'dd4f1576-68fc-4955-9c8b-346fc37b7ae4','','uapbd/refer/org/OrgAndOrgTypeCompositeOnlyEnableDataTreeRef/index','组织类型分类的组织单元','N','','refpk',1,'','2020-11-10 09:14:04','N','Y',null,1);
            go
            insert into pub_query_property(pk_query_property,areaid,classid,code,containlower,creationtime,creator,datatype,dataval,defaultvalue,define1,define2,define3,define4,define5,disabled,dr,isbeyondorg,ischeck,isdefined,isfixedcondition,ismultiselectedenabled,isnotmeta,isquerycondition,isuse,itemtype,label,maxlength,metadataproperty,metapath,opersign,opersignname,position,proid,querytablename,refcode,refname,required,resid,returntype,showtype,tablecode,ts,usefunc,visible,visibleposition,width)
            values('0001ZZZZ0e24464fcb86','0001ZZZZ4dc7d1b0189e','1071b7b2-fb67-4a3c-922a-7fcb4b23ab26','pk_org_v',null,null,'~',204,'','','','','','','','N',0,'N','N','N','N','N','N','Y','Y','refer','组织版本',20,'uap.org_v.name','pk_org_v','=@','等于@',6,'138db7a0-532b-48db-b5e3-66237927c1e3','','uapbd/refer/orgv/BusinessUnitVersionDefaultAllTreeRef/index','业务单元版本(所有)','N','','refpk',1,'','2020-11-10 09:14:04','N','N',null,1);
            go
            insert into pub_query_property(pk_query_property,areaid,classid,code,containlower,creationtime,creator,datatype,dataval,defaultvalue,define1,define2,define3,define4,define5,disabled,dr,isbeyondorg,ischeck,isdefined,isfixedcondition,ismultiselectedenabled,isnotmeta,isquerycondition,isuse,itemtype,label,maxlength,metadataproperty,metapath,opersign,opersignname,position,proid,querytablename,refcode,refname,required,resid,returntype,showtype,tablecode,ts,usefunc,visible,visibleposition,width)
            values('0001ZZZZ49b711048087','0001ZZZZ4dc7d1b0189e','1071b7b2-fb67-4a3c-922a-7fcb4b23ab26','code',null,null,'~',1,'','','','','','','','N',0,'N','N','N','N','N','N','Y','Y','input','编码',50,NULL,'code','=@','等于@',2,'2314b06c-0afd-4079-9b94-6e7c5a15b502','','/common-ref/','-99','N','','refpk',1,'','2020-11-10 09:14:04','N','Y',null,1);
            go
            insert into pub_query_property(pk_query_property,areaid,classid,code,containlower,creationtime,creator,datatype,dataval,defaultvalue,define1,define2,define3,define4,define5,disabled,dr,isbeyondorg,ischeck,isdefined,isfixedcondition,ismultiselectedenabled,isnotmeta,isquerycondition,isuse,itemtype,label,maxlength,metadataproperty,metapath,opersign,opersignname,position,proid,querytablename,refcode,refname,required,resid,returntype,showtype,tablecode,ts,usefunc,visible,visibleposition,width)
            values('0001ZZZZ74e892098670','0001ZZZZ4dc7d1b0189e','1071b7b2-fb67-4a3c-922a-7fcb4b23ab26','rowno',null,null,'~',1,'','','','','','','','N',0,'N','N','N','N','N','N','Y','Y','input','行号',50,NULL,'rowno','=@','等于@',31,'f18d9097-a0ab-4ed6-81ae-711f69f98420','','/common-ref/','-99','N','','refpk',1,'','2020-11-10 09:14:04','N','Y',null,1);
            go
            insert into pub_query_property(pk_query_property,areaid,classid,code,containlower,creationtime,creator,datatype,dataval,defaultvalue,define1,define2,define3,define4,define5,disabled,dr,isbeyondorg,ischeck,isdefined,isfixedcondition,ismultiselectedenabled,isnotmeta,isquerycondition,isuse,itemtype,label,maxlength,metadataproperty,metapath,opersign,opersignname,position,proid,querytablename,refcode,refname,required,resid,returntype,showtype,tablecode,ts,usefunc,visible,visibleposition,width)
            values('0001ZZZZd43e9778dbaf','0001ZZZZ4dc7d1b0189e','1071b7b2-fb67-4a3c-922a-7fcb4b23ab26','pk_group',null,null,'~',204,'','','','','','','','N',0,'N','N','N','N','N','Y','Y','Y','refer','集团',20,'uap.group.name','pk_group','=@','等于@',4,'4d27a8ba-8ad0-44f8-be8b-6c19f7580b58','','uap/refer/riart/groupTreeRef/index','集团','N','','refpk',1,'','2020-11-10 09:14:04','N','Y',null,1);
            go


        insert into pub_form_property(pk_form_property,areaid,classid,code,colnum,color,creationtime,creator,datatype,dataval,defaultvalue,defaultvar,define1,define2,define3,disabled,dr,editformula,hyperlinkflag,iscode,isdefined,ismultiselectedenabled,isnextrow,isrevise,istotal,itemtype,label,maxlength,metadataproperty,metaid,metapath,modifiedtime,modifier,position,proid,refcode,refname,relatemeta,required,resid,showformula,textrows,ts,validateformula,visible,width)
        values('0001ZZZZa34fa7191000','0001ZZZZ04731a086782','1071b7b2-fb67-4a3c-922a-7fcb4b23ab26','id',null,'#111111',null,'~',1, null, null,null,null,null,null,'N',0,null,'N','N','N',null,'N','N','N','input','id',28,NULL,'','id',null,'~',27,'9a214f37-460f-4639-869d-7bd76379df4c','/common-ref/','-99',null,'N',null,null,null,'2020-11-10 09:14:04',null,'Y',null);
        go

        insert into pub_form_property(pk_form_property,areaid,classid,code,colnum,color,creationtime,creator,datatype,dataval,defaultvalue,defaultvar,define1,define2,define3,disabled,dr,editformula,hyperlinkflag,iscode,isdefined,ismultiselectedenabled,isnextrow,isrevise,istotal,itemtype,label,maxlength,metadataproperty,metaid,metapath,modifiedtime,modifier,position,proid,refcode,refname,relatemeta,required,resid,showformula,textrows,ts,validateformula,visible,width)
        values('0001ZZZZa34fa7191002','0001ZZZZ04731a086782','1071b7b2-fb67-4a3c-922a-7fcb4b23ab26','name',null,'#111111',null,'~',1, null, null,null,null,null,null,'N',0,null,'N','N','N',null,'N','N','N','input','name',28,NULL,'','name',null,'~',28,'af04c725-6c77-40f3-94f6-11d5aac845b0','/common-ref/','-99',null,'N',null,null,null,'2020-11-10 09:14:04',null,'Y',null);
        go

        insert into pub_form_property(pk_form_property,areaid,classid,code,colnum,color,creationtime,creator,datatype,dataval,defaultvalue,defaultvar,define1,define2,define3,disabled,dr,editformula,hyperlinkflag,iscode,isdefined,ismultiselectedenabled,isnextrow,isrevise,istotal,itemtype,label,maxlength,metadataproperty,metaid,metapath,modifiedtime,modifier,position,proid,refcode,refname,relatemeta,required,resid,showformula,textrows,ts,validateformula,visible,width)
        values('0001ZZZZa34fa7191003','0001ZZZZ04731a086782','1071b7b2-fb67-4a3c-922a-7fcb4b23ab26','busitype',null,'#111111',null,'~',204, '', null,null,null,null,null,'N',0,null,'N','N','N',null,'N','N','N','refer','业务类型',28,'uap.BusitypeVO.businame','7717f1a3-b777-454e-abb5-ef8705a0f0c2','busitype',null,'~',14,'bd401f11-8539-417b-b6c6-cc8387741ada','uap/refer/riart/busitype/index','业务流程',null,'N',null,null,null,'2020-11-10 09:14:04',null,'Y',null);
        go

        insert into pub_form_property(pk_form_property,areaid,classid,code,colnum,color,creationtime,creator,datatype,dataval,defaultvalue,defaultvar,define1,define2,define3,disabled,dr,editformula,hyperlinkflag,iscode,isdefined,ismultiselectedenabled,isnextrow,isrevise,istotal,itemtype,label,maxlength,metadataproperty,metaid,metapath,modifiedtime,modifier,position,proid,refcode,refname,relatemeta,required,resid,showformula,textrows,ts,validateformula,visible,width)
        values('0001ZZZZa34fa7191004','0001ZZZZ04731a086782','1071b7b2-fb67-4a3c-922a-7fcb4b23ab26','pk_m',null,'#111111',null,'~',1, null, null,null,null,null,null,'N',0,null,'N','N','N',null,'N','N','N','input','主键',28,NULL,'','pk_m',null,'~',1,'44a391b6-0eb5-4a52-aeae-e9775eb00cda','/common-ref/','-99',null,'Y',null,null,null,'2020-11-10 09:14:04',null,'N',null);
        go

        insert into pub_form_property(pk_form_property,areaid,classid,code,colnum,color,creationtime,creator,datatype,dataval,defaultvalue,defaultvar,define1,define2,define3,disabled,dr,editformula,hyperlinkflag,iscode,isdefined,ismultiselectedenabled,isnextrow,isrevise,istotal,itemtype,label,maxlength,metadataproperty,metaid,metapath,modifiedtime,modifier,position,proid,refcode,refname,relatemeta,required,resid,showformula,textrows,ts,validateformula,visible,width)
        values('0001ZZZZa34fa7191005','0001ZZZZ04731a086782','1071b7b2-fb67-4a3c-922a-7fcb4b23ab26','transtype',null,'#111111',null,'~',204, '', null,null,null,null,null,'N',0,null,'N','N','N',null,'N','N','N','refer','交易类型',28,'riart.transtype.billtypename','74f13f3d-21cd-4800-9c7c-053f14ceb8dc','transtype',null,'~',20,'71baba9c-69fa-405c-92ae-921af40fd130','/common-ref/','交易类型',null,'N',null,null,null,'2020-11-10 09:14:04',null,'Y',null);
        go

        insert into pub_form_property(pk_form_property,areaid,classid,code,colnum,color,creationtime,creator,datatype,dataval,defaultvalue,defaultvar,define1,define2,define3,disabled,dr,editformula,hyperlinkflag,iscode,isdefined,ismultiselectedenabled,isnextrow,isrevise,istotal,itemtype,label,maxlength,metadataproperty,metaid,metapath,modifiedtime,modifier,position,proid,refcode,refname,relatemeta,required,resid,showformula,textrows,ts,validateformula,visible,width)
        values('0001ZZZZa34fa7191006','0001ZZZZ04731a086782','1071b7b2-fb67-4a3c-922a-7fcb4b23ab26','transtypepk',null,'#111111',null,'~',1, null, null,null,null,null,null,'N',0,null,'N','N','N',null,'N','N','N','input','交易类型pk',28,NULL,'','transtypepk',null,'~',22,'38177798-6384-4494-bc86-abbded4cc6d3','/common-ref/','-99',null,'Y',null,null,null,'2020-11-10 09:14:04',null,'Y',null);
        go

        insert into pub_form_property(pk_form_property,areaid,classid,code,colnum,color,creationtime,creator,datatype,dataval,defaultvalue,defaultvar,define1,define2,define3,disabled,dr,editformula,hyperlinkflag,iscode,isdefined,ismultiselectedenabled,isnextrow,isrevise,istotal,itemtype,label,maxlength,metadataproperty,metaid,metapath,modifiedtime,modifier,position,proid,refcode,refname,relatemeta,required,resid,showformula,textrows,ts,validateformula,visible,width)
        values('0001ZZZZa34fa7191007','0001ZZZZ04731a086782','1071b7b2-fb67-4a3c-922a-7fcb4b23ab26','modifier',null,'#111111',null,'~',204, '', null,null,null,null,null,'N',0,null,'N','N','N',null,'N','N','N','refer','修改人',28,'uap.user.user_name','f6f9a473-56c0-432f-8bc7-fbf8fde54fee','modifier',null,'~',9,'9e542c07-ce82-4b65-8830-783135844ee0','uap/refer/riart/userDefaultRefer/index','用户',null,'N',null,null,null,'2020-11-10 09:14:04',null,'Y',null);
        go

        insert into pub_form_property(pk_form_property,areaid,classid,code,colnum,color,creationtime,creator,datatype,dataval,defaultvalue,defaultvar,define1,define2,define3,disabled,dr,editformula,hyperlinkflag,iscode,isdefined,ismultiselectedenabled,isnextrow,isrevise,istotal,itemtype,label,maxlength,metadataproperty,metaid,metapath,modifiedtime,modifier,position,proid,refcode,refname,relatemeta,required,resid,showformula,textrows,ts,validateformula,visible,width)
        values('0001ZZZZa34fa7191008','0001ZZZZ04731a086782','1071b7b2-fb67-4a3c-922a-7fcb4b23ab26','modifiedtime',null,'#111111',null,'~',34, null, null,null,null,null,null,'N',0,null,'N','N','N',null,'N','N','N','datetimepicker','修改时间',28,NULL,'','modifiedtime',null,'~',10,'59ab92ba-1c93-4206-8426-c8512efe4c51','/common-ref/','-99',null,'N',null,null,null,'2020-11-10 09:14:04',null,'Y',null);
        go

        insert into pub_form_property(pk_form_property,areaid,classid,code,colnum,color,creationtime,creator,datatype,dataval,defaultvalue,defaultvar,define1,define2,define3,disabled,dr,editformula,hyperlinkflag,iscode,isdefined,ismultiselectedenabled,isnextrow,isrevise,istotal,itemtype,label,maxlength,metadataproperty,metaid,metapath,modifiedtime,modifier,position,proid,refcode,refname,relatemeta,required,resid,showformula,textrows,ts,validateformula,visible,width)
        values('0001ZZZZa34fa7191009','0001ZZZZ04731a086782','1071b7b2-fb67-4a3c-922a-7fcb4b23ab26','emendenum',null,'#111111',null,'~',4, null, null,null,null,null,null,'N',0,null,'N','N','N',null,'N','N','N','number','修订枚举',28,NULL,'','emendenum',null,'~',25,'0f4a0224-d2cb-4b3a-8799-c6563db59fea','/common-ref/','-99',null,'N',null,null,null,'2020-11-10 09:14:04',null,'Y',null);
        go

        insert into pub_form_property(pk_form_property,areaid,classid,code,colnum,color,creationtime,creator,datatype,dataval,defaultvalue,defaultvar,define1,define2,define3,disabled,dr,editformula,hyperlinkflag,iscode,isdefined,ismultiselectedenabled,isnextrow,isrevise,istotal,itemtype,label,maxlength,metadataproperty,metaid,metapath,modifiedtime,modifier,position,proid,refcode,refname,relatemeta,required,resid,showformula,textrows,ts,validateformula,visible,width)
        values('0001ZZZZa34fa7191010','0001ZZZZ04731a086782','1071b7b2-fb67-4a3c-922a-7fcb4b23ab26','creator',null,'#111111',null,'~',204, '', null,null,null,null,null,'N',0,null,'N','N','N',null,'N','N','N','refer','创建人',28,'uap.user.user_name','f6f9a473-56c0-432f-8bc7-fbf8fde54fee','creator',null,'~',7,'0a07c8a8-c16a-406a-9887-a725f5b40df2','uap/refer/riart/userDefaultRefer/index','用户',null,'N',null,null,null,'2020-11-10 09:14:04',null,'Y',null);
        go

        insert into pub_form_property(pk_form_property,areaid,classid,code,colnum,color,creationtime,creator,datatype,dataval,defaultvalue,defaultvar,define1,define2,define3,disabled,dr,editformula,hyperlinkflag,iscode,isdefined,ismultiselectedenabled,isnextrow,isrevise,istotal,itemtype,label,maxlength,metadataproperty,metaid,metapath,modifiedtime,modifier,position,proid,refcode,refname,relatemeta,required,resid,showformula,textrows,ts,validateformula,visible,width)
        values('0001ZZZZa34fa7191011','0001ZZZZ04731a086782','1071b7b2-fb67-4a3c-922a-7fcb4b23ab26','creationtime',null,'#111111',null,'~',34, null, null,null,null,null,null,'N',0,null,'N','N','N',null,'N','N','N','datetimepicker','创建时间',28,NULL,'','creationtime',null,'~',8,'70e9ddb6-059a-4220-b57f-9fd7d242b291','/common-ref/','-99',null,'N',null,null,null,'2020-11-10 09:14:04',null,'Y',null);
        go

        insert into pub_form_property(pk_form_property,areaid,classid,code,colnum,color,creationtime,creator,datatype,dataval,defaultvalue,defaultvar,define1,define2,define3,disabled,dr,editformula,hyperlinkflag,iscode,isdefined,ismultiselectedenabled,isnextrow,isrevise,istotal,itemtype,label,maxlength,metadataproperty,metaid,metapath,modifiedtime,modifier,position,proid,refcode,refname,relatemeta,required,resid,showformula,textrows,ts,validateformula,visible,width)
        values('0001ZZZZa34fa7191012','0001ZZZZ04731a086782','1071b7b2-fb67-4a3c-922a-7fcb4b23ab26','billmaker',null,'#111111',null,'~',1, null, null,null,null,null,null,'N',0,null,'N','N','N',null,'N','N','N','input','制单人',28,NULL,'','billmaker',null,'~',15,'0d351fa1-08f9-4fec-83a5-bfebd2de76d0','/common-ref/','-99',null,'N',null,null,null,'2020-11-10 09:14:04',null,'Y',null);
        go

        insert into pub_form_property(pk_form_property,areaid,classid,code,colnum,color,creationtime,creator,datatype,dataval,defaultvalue,defaultvar,define1,define2,define3,disabled,dr,editformula,hyperlinkflag,iscode,isdefined,ismultiselectedenabled,isnextrow,isrevise,istotal,itemtype,label,maxlength,metadataproperty,metaid,metapath,modifiedtime,modifier,position,proid,refcode,refname,relatemeta,required,resid,showformula,textrows,ts,validateformula,visible,width)
        values('0001ZZZZa34fa7191013','0001ZZZZ04731a086782','1071b7b2-fb67-4a3c-922a-7fcb4b23ab26','maketime',null,'#111111',null,'~',34, null, null,null,null,null,null,'N',0,null,'N','N','N',null,'N','N','N','datetimepicker','制单时间',28,NULL,'','maketime',null,'~',29,'4b64e891-220d-4721-90ad-766d5e6bb210','/common-ref/','-99',null,'Y',null,null,null,'2020-11-10 09:14:04',null,'Y',null);
        go

        insert into pub_form_property(pk_form_property,areaid,classid,code,colnum,color,creationtime,creator,datatype,dataval,defaultvalue,defaultvar,define1,define2,define3,disabled,dr,editformula,hyperlinkflag,iscode,isdefined,ismultiselectedenabled,isnextrow,isrevise,istotal,itemtype,label,maxlength,metadataproperty,metaid,metapath,modifiedtime,modifier,position,proid,refcode,refname,relatemeta,required,resid,showformula,textrows,ts,validateformula,visible,width)
        values('0001ZZZZa34fa7191014','0001ZZZZ04731a086782','1071b7b2-fb67-4a3c-922a-7fcb4b23ab26','billid',null,'#111111',null,'~',1, null, null,null,null,null,null,'N',0,null,'N','N','N',null,'N','N','N','input','单据ID',28,NULL,'','billid',null,'~',11,'d7e19dfa-d5af-4ed1-9a69-6eba5fc0462c','/common-ref/','-99',null,'N',null,null,null,'2020-11-10 09:14:04',null,'Y',null);
        go

        insert into pub_form_property(pk_form_property,areaid,classid,code,colnum,color,creationtime,creator,datatype,dataval,defaultvalue,defaultvar,define1,define2,define3,disabled,dr,editformula,hyperlinkflag,iscode,isdefined,ismultiselectedenabled,isnextrow,isrevise,istotal,itemtype,label,maxlength,metadataproperty,metaid,metapath,modifiedtime,modifier,position,proid,refcode,refname,relatemeta,required,resid,showformula,textrows,ts,validateformula,visible,width)
        values('0001ZZZZa34fa7191015','0001ZZZZ04731a086782','1071b7b2-fb67-4a3c-922a-7fcb4b23ab26','billno',null,'#111111',null,'~',1, null, null,null,null,null,null,'N',0,null,'N','N','N',null,'N','N','N','input','单据号',28,NULL,'','billno',null,'~',12,'128d3846-a5ff-4122-8e47-7e34e2dce65d','/common-ref/','-99',null,'N',null,null,null,'2020-11-10 09:14:04',null,'Y',null);
        go

        insert into pub_form_property(pk_form_property,areaid,classid,code,colnum,color,creationtime,creator,datatype,dataval,defaultvalue,defaultvar,define1,define2,define3,disabled,dr,editformula,hyperlinkflag,iscode,isdefined,ismultiselectedenabled,isnextrow,isrevise,istotal,itemtype,label,maxlength,metadataproperty,metaid,metapath,modifiedtime,modifier,position,proid,refcode,refname,relatemeta,required,resid,showformula,textrows,ts,validateformula,visible,width)
        values('0001ZZZZa34fa7191016','0001ZZZZ04731a086782','1071b7b2-fb67-4a3c-922a-7fcb4b23ab26','billversionpk',null,'#111111',null,'~',1, null, null,null,null,null,null,'N',0,null,'N','N','N',null,'N','N','N','input','单据版本pk',28,NULL,'','billversionpk',null,'~',26,'33a65dd2-d43a-43d9-a9f5-64f8aaaca6d6','/common-ref/','-99',null,'N',null,null,null,'2020-11-10 09:14:04',null,'Y',null);
        go

        insert into pub_form_property(pk_form_property,areaid,classid,code,colnum,color,creationtime,creator,datatype,dataval,defaultvalue,defaultvar,define1,define2,define3,disabled,dr,editformula,hyperlinkflag,iscode,isdefined,ismultiselectedenabled,isnextrow,isrevise,istotal,itemtype,label,maxlength,metadataproperty,metaid,metapath,modifiedtime,modifier,position,proid,refcode,refname,relatemeta,required,resid,showformula,textrows,ts,validateformula,visible,width)
        values('0001ZZZZa34fa7191017','0001ZZZZ04731a086782','1071b7b2-fb67-4a3c-922a-7fcb4b23ab26','billtype',null,'#111111',null,'~',204, '', null,null,null,null,null,'N',0,null,'N','N','N',null,'N','N','N','refer','单据类型',28,'uap.BilltypeVO.billtypename','b0fa41cd-a649-4309-b685-d341a5d1b0ed','billtype',null,'~',21,'31f079f6-5424-44f2-bc74-2ddeb3bf72e4','uap/refer/riart/billtype/index','影响因素单据类型',null,'N',null,null,null,'2020-11-10 09:14:04',null,'Y',null);
        go

        insert into pub_form_property(pk_form_property,areaid,classid,code,colnum,color,creationtime,creator,datatype,dataval,defaultvalue,defaultvar,define1,define2,define3,disabled,dr,editformula,hyperlinkflag,iscode,isdefined,ismultiselectedenabled,isnextrow,isrevise,istotal,itemtype,label,maxlength,metadataproperty,metaid,metapath,modifiedtime,modifier,position,proid,refcode,refname,relatemeta,required,resid,showformula,textrows,ts,validateformula,visible,width)
        values('0001ZZZZa34fa7191018','0001ZZZZ04731a086782','1071b7b2-fb67-4a3c-922a-7fcb4b23ab26','approver',null,'#111111',null,'~',1, null, null,null,null,null,null,'N',0,null,'N','N','N',null,'N','N','N','input','审批人',28,NULL,'','approver',null,'~',16,'d49778ea-ac88-4582-a952-4ad18ef04688','/common-ref/','-99',null,'N',null,null,null,'2020-11-10 09:14:04',null,'Y',null);
        go

        insert into pub_form_property(pk_form_property,areaid,classid,code,colnum,color,creationtime,creator,datatype,dataval,defaultvalue,defaultvar,define1,define2,define3,disabled,dr,editformula,hyperlinkflag,iscode,isdefined,ismultiselectedenabled,isnextrow,isrevise,istotal,itemtype,label,maxlength,metadataproperty,metaid,metapath,modifiedtime,modifier,position,proid,refcode,refname,relatemeta,required,resid,showformula,textrows,ts,validateformula,visible,width)
        values('0001ZZZZa34fa7191019','0001ZZZZ04731a086782','1071b7b2-fb67-4a3c-922a-7fcb4b23ab26','approvenote',null,'#111111',null,'~',1, null, null,null,null,null,null,'N',0,null,'N','N','N',null,'N','N','N','input','审批批语',28,NULL,'','approvenote',null,'~',18,'edffc687-0a8c-4c09-ad07-3d4b92129b55','/common-ref/','-99',null,'N',null,null,null,'2020-11-10 09:14:04',null,'Y',null);
        go

        insert into pub_form_property(pk_form_property,areaid,classid,code,colnum,color,creationtime,creator,datatype,dataval,defaultvalue,defaultvar,define1,define2,define3,disabled,dr,editformula,hyperlinkflag,iscode,isdefined,ismultiselectedenabled,isnextrow,isrevise,istotal,itemtype,label,maxlength,metadataproperty,metaid,metapath,modifiedtime,modifier,position,proid,refcode,refname,relatemeta,required,resid,showformula,textrows,ts,validateformula,visible,width)
        values('0001ZZZZa34fa7191020','0001ZZZZ04731a086782','1071b7b2-fb67-4a3c-922a-7fcb4b23ab26','approvedate',null,'#111111',null,'~',34, null, null,null,null,null,null,'N',0,null,'N','N','N',null,'N','N','N','datetimepicker','审批时间',28,NULL,'','approvedate',null,'~',19,'337ecc32-7a59-49ed-b7ad-82e03d7a5b7e','/common-ref/','-99',null,'N',null,null,null,'2020-11-10 09:14:04',null,'Y',null);
        go

        insert into pub_form_property(pk_form_property,areaid,classid,code,colnum,color,creationtime,creator,datatype,dataval,defaultvalue,defaultvar,define1,define2,define3,disabled,dr,editformula,hyperlinkflag,iscode,isdefined,ismultiselectedenabled,isnextrow,isrevise,istotal,itemtype,label,maxlength,metadataproperty,metaid,metapath,modifiedtime,modifier,position,proid,refcode,refname,relatemeta,required,resid,showformula,textrows,ts,validateformula,visible,width)
        values('0001ZZZZa34fa7191021','0001ZZZZ04731a086782','1071b7b2-fb67-4a3c-922a-7fcb4b23ab26','approvestatus',null,'#111111',null,'~',203, '自由=-1,审批未通过=0,审批通过=1,审批进行中=2,提交=3', null,null,null,null,null,'N',0,null,'N','N','N',null,'N','N','N','select','审批状态',28,NULL,'','approvestatus',null,'~',17,'6168e991-d3ed-44d7-a188-dbbff9820dc4','/common-ref/','-99',null,'N',null,null,null,'2020-11-10 09:14:04',null,'Y',null);
        go

        insert into pub_form_property(pk_form_property,areaid,classid,code,colnum,color,creationtime,creator,datatype,dataval,defaultvalue,defaultvar,define1,define2,define3,disabled,dr,editformula,hyperlinkflag,iscode,isdefined,ismultiselectedenabled,isnextrow,isrevise,istotal,itemtype,label,maxlength,metadataproperty,metaid,metapath,modifiedtime,modifier,position,proid,refcode,refname,relatemeta,required,resid,showformula,textrows,ts,validateformula,visible,width)
        values('0001ZZZZa34fa7191022','0001ZZZZ04731a086782','1071b7b2-fb67-4a3c-922a-7fcb4b23ab26','pkorg',null,'#111111',null,'~',1, null, null,null,null,null,null,'N',0,null,'N','N','N',null,'N','N','N','input','所属组织',28,NULL,'','pkorg',null,'~',13,'e936611f-6dde-490f-8fc5-444fc467339e','/common-ref/','-99',null,'N',null,null,null,'2020-11-10 09:14:04',null,'Y',null);
        go

        insert into pub_form_property(pk_form_property,areaid,classid,code,colnum,color,creationtime,creator,datatype,dataval,defaultvalue,defaultvar,define1,define2,define3,disabled,dr,editformula,hyperlinkflag,iscode,isdefined,ismultiselectedenabled,isnextrow,isrevise,istotal,itemtype,label,maxlength,metadataproperty,metaid,metapath,modifiedtime,modifier,position,proid,refcode,refname,relatemeta,required,resid,showformula,textrows,ts,validateformula,visible,width)
        values('0001ZZZZa34fa7191023','0001ZZZZ04731a086782','1071b7b2-fb67-4a3c-922a-7fcb4b23ab26','lastmaketime',null,'#111111',null,'~',34, null, null,null,null,null,null,'N',0,null,'N','N','N',null,'N','N','N','datetimepicker','最后修改时间',28,NULL,'','lastmaketime',null,'~',30,'6c626d2c-8e80-4786-968f-d3eb029576d9','/common-ref/','-99',null,'N',null,null,null,'2020-11-10 09:14:04',null,'Y',null);
        go

        insert into pub_form_property(pk_form_property,areaid,classid,code,colnum,color,creationtime,creator,datatype,dataval,defaultvalue,defaultvar,define1,define2,define3,disabled,dr,editformula,hyperlinkflag,iscode,isdefined,ismultiselectedenabled,isnextrow,isrevise,istotal,itemtype,label,maxlength,metadataproperty,metaid,metapath,modifiedtime,modifier,position,proid,refcode,refname,relatemeta,required,resid,showformula,textrows,ts,validateformula,visible,width)
        values('0001ZZZZa34fa7191024','0001ZZZZ04731a086782','1071b7b2-fb67-4a3c-922a-7fcb4b23ab26','srcbillid',null,'#111111',null,'~',1, null, null,null,null,null,null,'N',0,null,'N','N','N',null,'N','N','N','input','来源单据id',28,NULL,'','srcbillid',null,'~',24,'dafd2ac6-dbdf-4ed3-a44d-83d6435be856','/common-ref/','-99',null,'N',null,null,null,'2020-11-10 09:14:04',null,'Y',null);
        go

        insert into pub_form_property(pk_form_property,areaid,classid,code,colnum,color,creationtime,creator,datatype,dataval,defaultvalue,defaultvar,define1,define2,define3,disabled,dr,editformula,hyperlinkflag,iscode,isdefined,ismultiselectedenabled,isnextrow,isrevise,istotal,itemtype,label,maxlength,metadataproperty,metaid,metapath,modifiedtime,modifier,position,proid,refcode,refname,relatemeta,required,resid,showformula,textrows,ts,validateformula,visible,width)
        values('0001ZZZZa34fa7191025','0001ZZZZ04731a086782','1071b7b2-fb67-4a3c-922a-7fcb4b23ab26','srcbilltype',null,'#111111',null,'~',1, null, null,null,null,null,null,'N',0,null,'N','N','N',null,'N','N','N','input','来源单据类型',28,NULL,'','srcbilltype',null,'~',23,'5bbc4653-c021-4e33-9226-0441f0df014d','/common-ref/','-99',null,'N',null,null,null,'2020-11-10 09:14:04',null,'Y',null);
        go

        insert into pub_form_property(pk_form_property,areaid,classid,code,colnum,color,creationtime,creator,datatype,dataval,defaultvalue,defaultvar,define1,define2,define3,disabled,dr,editformula,hyperlinkflag,iscode,isdefined,ismultiselectedenabled,isnextrow,isrevise,istotal,itemtype,label,maxlength,metadataproperty,metaid,metapath,modifiedtime,modifier,position,proid,refcode,refname,relatemeta,required,resid,showformula,textrows,ts,validateformula,visible,width)
        values('0001ZZZZa34fa7191026','0001ZZZZ04731a086782','1071b7b2-fb67-4a3c-922a-7fcb4b23ab26','pk_org',null,'#111111',null,'~',204, '', null,null,null,null,null,'N',0,null,'N','N','N',null,'N','N','N','refer','组织',28,'uap.org.name','985be8a4-3a36-4778-8afe-2d8ed3902659','pk_org',null,'~',5,'088c4221-87f7-4693-861f-732de63fec83','uapbd/refer/org/OrgAndOrgTypeCompositeOnlyEnableDataTreeRef/index','组织类型分类的组织单元',null,'N',null,null,null,'2020-11-10 09:14:04',null,'Y',null);
        go

        insert into pub_form_property(pk_form_property,areaid,classid,code,colnum,color,creationtime,creator,datatype,dataval,defaultvalue,defaultvar,define1,define2,define3,disabled,dr,editformula,hyperlinkflag,iscode,isdefined,ismultiselectedenabled,isnextrow,isrevise,istotal,itemtype,label,maxlength,metadataproperty,metaid,metapath,modifiedtime,modifier,position,proid,refcode,refname,relatemeta,required,resid,showformula,textrows,ts,validateformula,visible,width)
        values('0001ZZZZa34fa7191027','0001ZZZZ04731a086782','1071b7b2-fb67-4a3c-922a-7fcb4b23ab26','pk_org_v',null,'#111111',null,'~',204, '', null,null,null,null,null,'N',0,null,'N','N','N',null,'N','N','N','refer','组织版本',28,'uap.org_v.name','da7bba89-9a59-42d6-a262-c13ef459dbd9','pk_org_v',null,'~',6,'bdd38dc6-7c74-46d5-8da2-c413870ef486','uapbd/refer/orgv/BusinessUnitVersionDefaultAllTreeRef/index','业务单元版本(所有)',null,'N',null,null,null,'2020-11-10 09:14:04',null,'N',null);
        go

        insert into pub_form_property(pk_form_property,areaid,classid,code,colnum,color,creationtime,creator,datatype,dataval,defaultvalue,defaultvar,define1,define2,define3,disabled,dr,editformula,hyperlinkflag,iscode,isdefined,ismultiselectedenabled,isnextrow,isrevise,istotal,itemtype,label,maxlength,metadataproperty,metaid,metapath,modifiedtime,modifier,position,proid,refcode,refname,relatemeta,required,resid,showformula,textrows,ts,validateformula,visible,width)
        values('0001ZZZZa34fa7191028','0001ZZZZ04731a086782','1071b7b2-fb67-4a3c-922a-7fcb4b23ab26','code',null,'#111111',null,'~',1, null, null,null,null,null,null,'N',0,null,'N','N','N',null,'N','N','N','input','编码',28,NULL,'','code',null,'~',2,'bef0cfa0-7aeb-467b-8d96-79e1ef2285bd','/common-ref/','-99',null,'N',null,null,null,'2020-11-10 09:14:04',null,'Y',null);
        go

        insert into pub_form_property(pk_form_property,areaid,classid,code,colnum,color,creationtime,creator,datatype,dataval,defaultvalue,defaultvar,define1,define2,define3,disabled,dr,editformula,hyperlinkflag,iscode,isdefined,ismultiselectedenabled,isnextrow,isrevise,istotal,itemtype,label,maxlength,metadataproperty,metaid,metapath,modifiedtime,modifier,position,proid,refcode,refname,relatemeta,required,resid,showformula,textrows,ts,validateformula,visible,width)
        values('0001ZZZZa34fa7191029','0001ZZZZ04731a086782','1071b7b2-fb67-4a3c-922a-7fcb4b23ab26','rowno',null,'#111111',null,'~',1, null, null,null,null,null,null,'N',0,null,'N','N','N',null,'N','N','N','input','行号',28,NULL,'','rowno',null,'~',31,'0ef0ee83-d2e9-4ac6-bf04-a02bc2182b03','/common-ref/','-99',null,'N',null,null,null,'2020-11-10 09:14:04',null,'Y',null);
        go

        insert into pub_form_property(pk_form_property,areaid,classid,code,colnum,color,creationtime,creator,datatype,dataval,defaultvalue,defaultvar,define1,define2,define3,disabled,dr,editformula,hyperlinkflag,iscode,isdefined,ismultiselectedenabled,isnextrow,isrevise,istotal,itemtype,label,maxlength,metadataproperty,metaid,metapath,modifiedtime,modifier,position,proid,refcode,refname,relatemeta,required,resid,showformula,textrows,ts,validateformula,visible,width)
        values('0001ZZZZa34fa7191030','0001ZZZZ04731a086782','1071b7b2-fb67-4a3c-922a-7fcb4b23ab26','pk_group',null,'#111111',null,'~',204, '', null,null,null,null,null,'N',0,null,'N','N','N',null,'N','N','N','refer','集团',28,'uap.group.name','3b6dd171-2900-47f3-bfbe-41e4483a2a65','pk_group',null,'~',4,'09c689bb-e580-4167-886e-48126e5ef6ab','uap/refer/riart/groupTreeRef/index','集团',null,'Y',null,null,null,'2020-11-10 09:14:04',null,'Y',null);
        go








            insert into pub_form_property(pk_form_property,areaid,classid,code,colnum,color,creationtime,creator,datatype,dataval,defaultvalue,defaultvar,define1,define2,define3,disabled,dr,editformula,hyperlinkflag,iscode,isdefined,ismultiselectedenabled,isnextrow,isrevise,istotal,itemtype,label,maxlength,metadataproperty,metaid,metapath,modifiedtime,modifier,position,proid,refcode,refname,relatemeta,required,resid,showformula,textrows,ts,validateformula,visible,width)
            values('0001ZZZZ472890337000','0001ZZZZc061e4b05ecf','1071b7b2-fb67-4a3c-922a-7fcb4b23ab26','id','1','#111111',null,'~',1,null, null,null,null,null,null,'N',0,null,'N','N','N',null,'N','N','N','input','id',28,NULL,'','id',null,'~',27,'0f234882-5d48-4661-b5dc-608e93396e95','/common-ref/','-99',null,'N',null,null,null,'2020-11-10 09:14:04',null,'Y',null);
            go
            insert into pub_form_property(pk_form_property,areaid,classid,code,colnum,color,creationtime,creator,datatype,dataval,defaultvalue,defaultvar,define1,define2,define3,disabled,dr,editformula,hyperlinkflag,iscode,isdefined,ismultiselectedenabled,isnextrow,isrevise,istotal,itemtype,label,maxlength,metadataproperty,metaid,metapath,modifiedtime,modifier,position,proid,refcode,refname,relatemeta,required,resid,showformula,textrows,ts,validateformula,visible,width)
            values('0001ZZZZ472890337002','0001ZZZZc061e4b05ecf','1071b7b2-fb67-4a3c-922a-7fcb4b23ab26','name','1','#111111',null,'~',1,null, null,null,null,null,null,'N',0,null,'N','N','N',null,'N','N','N','input','name',28,NULL,'','name',null,'~',28,'161732c1-9aae-4b1f-bd10-13217728f8e5','/common-ref/','-99',null,'N',null,null,null,'2020-11-10 09:14:04',null,'Y',null);
            go
            insert into pub_form_property(pk_form_property,areaid,classid,code,colnum,color,creationtime,creator,datatype,dataval,defaultvalue,defaultvar,define1,define2,define3,disabled,dr,editformula,hyperlinkflag,iscode,isdefined,ismultiselectedenabled,isnextrow,isrevise,istotal,itemtype,label,maxlength,metadataproperty,metaid,metapath,modifiedtime,modifier,position,proid,refcode,refname,relatemeta,required,resid,showformula,textrows,ts,validateformula,visible,width)
            values('0001ZZZZ472890337003','0001ZZZZc061e4b05ecf','1071b7b2-fb67-4a3c-922a-7fcb4b23ab26','busitype','1','#111111',null,'~',204,'' , null,null,null,null,null,'N',0,null,'N','N','N',null,'N','N','N','refer','业务类型',28,'uap.BusitypeVO.businame','','busitype',null,'~',14,'7e4b595e-e2b4-4edc-a6b3-7055844a46e2','uap/refer/riart/busitype/index','业务流程',null,'N',null,null,null,'2020-11-10 09:14:04',null,'Y',null);
            go
            insert into pub_form_property(pk_form_property,areaid,classid,code,colnum,color,creationtime,creator,datatype,dataval,defaultvalue,defaultvar,define1,define2,define3,disabled,dr,editformula,hyperlinkflag,iscode,isdefined,ismultiselectedenabled,isnextrow,isrevise,istotal,itemtype,label,maxlength,metadataproperty,metaid,metapath,modifiedtime,modifier,position,proid,refcode,refname,relatemeta,required,resid,showformula,textrows,ts,validateformula,visible,width)
            values('0001ZZZZ472890337004','0001ZZZZc061e4b05ecf','1071b7b2-fb67-4a3c-922a-7fcb4b23ab26','pk_m','1','#111111',null,'~',1,null, null,null,null,null,null,'N',0,null,'N','N','N',null,'N','N','N','input','主键',28,NULL,'','pk_m',null,'~',1,'07999931-a122-4ae9-8807-62df239294b1','/common-ref/','-99',null,'Y',null,null,null,'2020-11-10 09:14:04',null,'N',null);
            go
            insert into pub_form_property(pk_form_property,areaid,classid,code,colnum,color,creationtime,creator,datatype,dataval,defaultvalue,defaultvar,define1,define2,define3,disabled,dr,editformula,hyperlinkflag,iscode,isdefined,ismultiselectedenabled,isnextrow,isrevise,istotal,itemtype,label,maxlength,metadataproperty,metaid,metapath,modifiedtime,modifier,position,proid,refcode,refname,relatemeta,required,resid,showformula,textrows,ts,validateformula,visible,width)
            values('0001ZZZZ472890337005','0001ZZZZc061e4b05ecf','1071b7b2-fb67-4a3c-922a-7fcb4b23ab26','transtype','1','#111111',null,'~',204,'' , null,null,null,null,null,'N',0,null,'N','N','N',null,'N','N','N','refer','交易类型',28,'riart.transtype.billtypename','','transtype',null,'~',20,'7635b136-0cb3-4019-be4e-cc0773807db6','/common-ref/','交易类型',null,'N',null,null,null,'2020-11-10 09:14:04',null,'Y',null);
            go
            insert into pub_form_property(pk_form_property,areaid,classid,code,colnum,color,creationtime,creator,datatype,dataval,defaultvalue,defaultvar,define1,define2,define3,disabled,dr,editformula,hyperlinkflag,iscode,isdefined,ismultiselectedenabled,isnextrow,isrevise,istotal,itemtype,label,maxlength,metadataproperty,metaid,metapath,modifiedtime,modifier,position,proid,refcode,refname,relatemeta,required,resid,showformula,textrows,ts,validateformula,visible,width)
            values('0001ZZZZ472890337006','0001ZZZZc061e4b05ecf','1071b7b2-fb67-4a3c-922a-7fcb4b23ab26','transtypepk','1','#111111',null,'~',1,null, null,null,null,null,null,'N',0,null,'N','N','N',null,'N','N','N','input','交易类型pk',28,NULL,'','transtypepk',null,'~',22,'a1bda931-53c8-4741-b4d9-cebe76d95f95','/common-ref/','-99',null,'Y',null,null,null,'2020-11-10 09:14:04',null,'Y',null);
            go
            insert into pub_form_property(pk_form_property,areaid,classid,code,colnum,color,creationtime,creator,datatype,dataval,defaultvalue,defaultvar,define1,define2,define3,disabled,dr,editformula,hyperlinkflag,iscode,isdefined,ismultiselectedenabled,isnextrow,isrevise,istotal,itemtype,label,maxlength,metadataproperty,metaid,metapath,modifiedtime,modifier,position,proid,refcode,refname,relatemeta,required,resid,showformula,textrows,ts,validateformula,visible,width)
            values('0001ZZZZ50d7966bb848','0001ZZZZ7e11893620a0','1071b7b2-fb67-4a3c-922a-7fcb4b23ab26','modifier','1','#111111',null,'~',204,'', null,null,null,null,null,'N',0,null,'N','N','N',null,'N','N','N','refer','修改人',28,'uap.user.user_name','','modifier',null,'~',9,'2dbaf770-89de-41e7-aa1f-12bfac382532','uap/refer/riart/userDefaultRefer/index','用户',null,'N',null,null,null,'2020-11-10 09:14:04',null,'Y',null);
            go
            insert into pub_form_property(pk_form_property,areaid,classid,code,colnum,color,creationtime,creator,datatype,dataval,defaultvalue,defaultvar,define1,define2,define3,disabled,dr,editformula,hyperlinkflag,iscode,isdefined,ismultiselectedenabled,isnextrow,isrevise,istotal,itemtype,label,maxlength,metadataproperty,metaid,metapath,modifiedtime,modifier,position,proid,refcode,refname,relatemeta,required,resid,showformula,textrows,ts,validateformula,visible,width)
            values('0001ZZZZ6e9bbc9df8cb','0001ZZZZ7e11893620a0','1071b7b2-fb67-4a3c-922a-7fcb4b23ab26','modifiedtime','1','#111111',null,'~',34,null, null,null,null,null,null,'N',0,null,'N','N','N',null,'N','N','N','datetimepicker','修改时间',28,NULL,'','modifiedtime',null,'~',10,'07151090-d354-4232-a7ce-8f5638f4ba68','/common-ref/','-99',null,'N',null,null,null,'2020-11-10 09:14:04',null,'Y',null);
            go
            insert into pub_form_property(pk_form_property,areaid,classid,code,colnum,color,creationtime,creator,datatype,dataval,defaultvalue,defaultvar,define1,define2,define3,disabled,dr,editformula,hyperlinkflag,iscode,isdefined,ismultiselectedenabled,isnextrow,isrevise,istotal,itemtype,label,maxlength,metadataproperty,metaid,metapath,modifiedtime,modifier,position,proid,refcode,refname,relatemeta,required,resid,showformula,textrows,ts,validateformula,visible,width)
            values('0001ZZZZ472890337009','0001ZZZZc061e4b05ecf','1071b7b2-fb67-4a3c-922a-7fcb4b23ab26','emendenum','1','#111111',null,'~',4,null, null,null,null,null,null,'N',0,null,'N','N','N',null,'N','N','N','number','修订枚举',28,NULL,'','emendenum',null,'~',25,'f069fb4a-79e3-4a66-b811-1bd6cd2a155e','/common-ref/','-99',null,'N',null,null,null,'2020-11-10 09:14:04',null,'Y',null);
            go
            insert into pub_form_property(pk_form_property,areaid,classid,code,colnum,color,creationtime,creator,datatype,dataval,defaultvalue,defaultvar,define1,define2,define3,disabled,dr,editformula,hyperlinkflag,iscode,isdefined,ismultiselectedenabled,isnextrow,isrevise,istotal,itemtype,label,maxlength,metadataproperty,metaid,metapath,modifiedtime,modifier,position,proid,refcode,refname,relatemeta,required,resid,showformula,textrows,ts,validateformula,visible,width)
            values('0001ZZZZ124d84342445','0001ZZZZ7e11893620a0','1071b7b2-fb67-4a3c-922a-7fcb4b23ab26','creator','1','#111111',null,'~',204,'', null,null,null,null,null,'N',0,null,'N','N','N',null,'N','N','N','refer','创建人',28,'uap.user.user_name','','creator',null,'~',7,'89298d1a-d1ce-4403-9f33-98f4ac945ef3','uap/refer/riart/userDefaultRefer/index','用户',null,'N',null,null,null,'2020-11-10 09:14:04',null,'Y',null);
            go
            insert into pub_form_property(pk_form_property,areaid,classid,code,colnum,color,creationtime,creator,datatype,dataval,defaultvalue,defaultvar,define1,define2,define3,disabled,dr,editformula,hyperlinkflag,iscode,isdefined,ismultiselectedenabled,isnextrow,isrevise,istotal,itemtype,label,maxlength,metadataproperty,metaid,metapath,modifiedtime,modifier,position,proid,refcode,refname,relatemeta,required,resid,showformula,textrows,ts,validateformula,visible,width)
            values('0001ZZZZ780a6c670ad1','0001ZZZZ7e11893620a0','1071b7b2-fb67-4a3c-922a-7fcb4b23ab26','creationtime','1','#111111',null,'~',34,null, null,null,null,null,null,'N',0,null,'N','N','N',null,'N','N','N','datetimepicker','创建时间',28,NULL,'','creationtime',null,'~',8,'3ba59924-3f47-423c-a0f0-fd2d69272bc5','/common-ref/','-99',null,'N',null,null,null,'2020-11-10 09:14:04',null,'Y',null);
            go
            insert into pub_form_property(pk_form_property,areaid,classid,code,colnum,color,creationtime,creator,datatype,dataval,defaultvalue,defaultvar,define1,define2,define3,disabled,dr,editformula,hyperlinkflag,iscode,isdefined,ismultiselectedenabled,isnextrow,isrevise,istotal,itemtype,label,maxlength,metadataproperty,metaid,metapath,modifiedtime,modifier,position,proid,refcode,refname,relatemeta,required,resid,showformula,textrows,ts,validateformula,visible,width)
            values('0001ZZZZ472890337012','0001ZZZZc061e4b05ecf','1071b7b2-fb67-4a3c-922a-7fcb4b23ab26','billmaker','1','#111111',null,'~',1,null, null,null,null,null,null,'N',0,null,'N','N','N',null,'N','N','N','input','制单人',28,NULL,'','billmaker',null,'~',15,'fe57f5ba-8dce-4736-b419-ad8b9083dfcc','/common-ref/','-99',null,'N',null,null,null,'2020-11-10 09:14:04',null,'Y',null);
            go
            insert into pub_form_property(pk_form_property,areaid,classid,code,colnum,color,creationtime,creator,datatype,dataval,defaultvalue,defaultvar,define1,define2,define3,disabled,dr,editformula,hyperlinkflag,iscode,isdefined,ismultiselectedenabled,isnextrow,isrevise,istotal,itemtype,label,maxlength,metadataproperty,metaid,metapath,modifiedtime,modifier,position,proid,refcode,refname,relatemeta,required,resid,showformula,textrows,ts,validateformula,visible,width)
            values('0001ZZZZ472890337013','0001ZZZZc061e4b05ecf','1071b7b2-fb67-4a3c-922a-7fcb4b23ab26','maketime','1','#111111',null,'~',34,null, null,null,null,null,null,'N',0,null,'N','N','N',null,'N','N','N','datetimepicker','制单时间',28,NULL,'','maketime',null,'~',29,'92bbbbc5-1028-4415-8a8e-7586322eb6f2','/common-ref/','-99',null,'Y',null,null,null,'2020-11-10 09:14:04',null,'Y',null);
            go
            insert into pub_form_property(pk_form_property,areaid,classid,code,colnum,color,creationtime,creator,datatype,dataval,defaultvalue,defaultvar,define1,define2,define3,disabled,dr,editformula,hyperlinkflag,iscode,isdefined,ismultiselectedenabled,isnextrow,isrevise,istotal,itemtype,label,maxlength,metadataproperty,metaid,metapath,modifiedtime,modifier,position,proid,refcode,refname,relatemeta,required,resid,showformula,textrows,ts,validateformula,visible,width)
            values('0001ZZZZ472890337014','0001ZZZZc061e4b05ecf','1071b7b2-fb67-4a3c-922a-7fcb4b23ab26','billid','1','#111111',null,'~',1,null, null,null,null,null,null,'N',0,null,'N','N','N',null,'N','N','N','input','单据ID',28,NULL,'','billid',null,'~',11,'f5b19879-b0db-42d8-a37e-1fd49c63de88','/common-ref/','-99',null,'N',null,null,null,'2020-11-10 09:14:04',null,'Y',null);
            go
            insert into pub_form_property(pk_form_property,areaid,classid,code,colnum,color,creationtime,creator,datatype,dataval,defaultvalue,defaultvar,define1,define2,define3,disabled,dr,editformula,hyperlinkflag,iscode,isdefined,ismultiselectedenabled,isnextrow,isrevise,istotal,itemtype,label,maxlength,metadataproperty,metaid,metapath,modifiedtime,modifier,position,proid,refcode,refname,relatemeta,required,resid,showformula,textrows,ts,validateformula,visible,width)
            values('0001ZZZZ472890337015','0001ZZZZc061e4b05ecf','1071b7b2-fb67-4a3c-922a-7fcb4b23ab26','billno','1','#111111',null,'~',1,null, null,null,null,null,null,'N',0,null,'N','N','N',null,'N','N','N','input','单据号',28,NULL,'','billno',null,'~',12,'c7cf0c8c-2575-4914-8328-2096c839f944','/common-ref/','-99',null,'N',null,null,null,'2020-11-10 09:14:04',null,'Y',null);
            go
            insert into pub_form_property(pk_form_property,areaid,classid,code,colnum,color,creationtime,creator,datatype,dataval,defaultvalue,defaultvar,define1,define2,define3,disabled,dr,editformula,hyperlinkflag,iscode,isdefined,ismultiselectedenabled,isnextrow,isrevise,istotal,itemtype,label,maxlength,metadataproperty,metaid,metapath,modifiedtime,modifier,position,proid,refcode,refname,relatemeta,required,resid,showformula,textrows,ts,validateformula,visible,width)
            values('0001ZZZZ472890337016','0001ZZZZc061e4b05ecf','1071b7b2-fb67-4a3c-922a-7fcb4b23ab26','billversionpk','1','#111111',null,'~',1,null, null,null,null,null,null,'N',0,null,'N','N','N',null,'N','N','N','input','单据版本pk',28,NULL,'','billversionpk',null,'~',26,'9c44aec7-3db6-4d8a-b1e8-d4f17161a939','/common-ref/','-99',null,'N',null,null,null,'2020-11-10 09:14:04',null,'Y',null);
            go
            insert into pub_form_property(pk_form_property,areaid,classid,code,colnum,color,creationtime,creator,datatype,dataval,defaultvalue,defaultvar,define1,define2,define3,disabled,dr,editformula,hyperlinkflag,iscode,isdefined,ismultiselectedenabled,isnextrow,isrevise,istotal,itemtype,label,maxlength,metadataproperty,metaid,metapath,modifiedtime,modifier,position,proid,refcode,refname,relatemeta,required,resid,showformula,textrows,ts,validateformula,visible,width)
            values('0001ZZZZ472890337017','0001ZZZZc061e4b05ecf','1071b7b2-fb67-4a3c-922a-7fcb4b23ab26','billtype','1','#111111',null,'~',204,'' , null,null,null,null,null,'N',0,null,'N','N','N',null,'N','N','N','refer','单据类型',28,'uap.BilltypeVO.billtypename','','billtype',null,'~',21,'f8cecef7-76c7-405c-ae19-8f9182a1fa61','uap/refer/riart/billtype/index','影响因素单据类型',null,'N',null,null,null,'2020-11-10 09:14:04',null,'Y',null);
            go
            insert into pub_form_property(pk_form_property,areaid,classid,code,colnum,color,creationtime,creator,datatype,dataval,defaultvalue,defaultvar,define1,define2,define3,disabled,dr,editformula,hyperlinkflag,iscode,isdefined,ismultiselectedenabled,isnextrow,isrevise,istotal,itemtype,label,maxlength,metadataproperty,metaid,metapath,modifiedtime,modifier,position,proid,refcode,refname,relatemeta,required,resid,showformula,textrows,ts,validateformula,visible,width)
            values('0001ZZZZ75caf8101c0c','0001ZZZZ7e11893620a0','1071b7b2-fb67-4a3c-922a-7fcb4b23ab26','approver','1','#111111',null,'~',1,null, null,null,null,null,null,'N',0,null,'N','N','N',null,'N','N','N','input','审批人',28,NULL,'','approver',null,'~',16,'f5f8d0a0-0543-44f2-a4d6-efc59bd19dae','/common-ref/','-99',null,'N',null,null,null,'2020-11-10 09:14:04',null,'Y',null);
            go
            insert into pub_form_property(pk_form_property,areaid,classid,code,colnum,color,creationtime,creator,datatype,dataval,defaultvalue,defaultvar,define1,define2,define3,disabled,dr,editformula,hyperlinkflag,iscode,isdefined,ismultiselectedenabled,isnextrow,isrevise,istotal,itemtype,label,maxlength,metadataproperty,metaid,metapath,modifiedtime,modifier,position,proid,refcode,refname,relatemeta,required,resid,showformula,textrows,ts,validateformula,visible,width)
            values('0001ZZZZ9e228e4fef9d','0001ZZZZ7e11893620a0','1071b7b2-fb67-4a3c-922a-7fcb4b23ab26','approvenote','1','#111111',null,'~',1,null, null,null,null,null,null,'N',0,null,'N','N','N',null,'N','N','N','input','审批批语',28,NULL,'','approvenote',null,'~',18,'1ee9047d-459e-4aec-a9d3-f24fdc2ee958','/common-ref/','-99',null,'N',null,null,null,'2020-11-10 09:14:04',null,'Y',null);
            go
            insert into pub_form_property(pk_form_property,areaid,classid,code,colnum,color,creationtime,creator,datatype,dataval,defaultvalue,defaultvar,define1,define2,define3,disabled,dr,editformula,hyperlinkflag,iscode,isdefined,ismultiselectedenabled,isnextrow,isrevise,istotal,itemtype,label,maxlength,metadataproperty,metaid,metapath,modifiedtime,modifier,position,proid,refcode,refname,relatemeta,required,resid,showformula,textrows,ts,validateformula,visible,width)
            values('0001ZZZZe9d4141fbc46','0001ZZZZ7e11893620a0','1071b7b2-fb67-4a3c-922a-7fcb4b23ab26','approvedate','1','#111111',null,'~',34,null, null,null,null,null,null,'N',0,null,'N','N','N',null,'N','N','N','datetimepicker','审批时间',28,NULL,'','approvedate',null,'~',19,'abe9eca0-b7e4-4a9f-9eae-0df5f259e9bc','/common-ref/','-99',null,'N',null,null,null,'2020-11-10 09:14:04',null,'Y',null);
            go
            insert into pub_form_property(pk_form_property,areaid,classid,code,colnum,color,creationtime,creator,datatype,dataval,defaultvalue,defaultvar,define1,define2,define3,disabled,dr,editformula,hyperlinkflag,iscode,isdefined,ismultiselectedenabled,isnextrow,isrevise,istotal,itemtype,label,maxlength,metadataproperty,metaid,metapath,modifiedtime,modifier,position,proid,refcode,refname,relatemeta,required,resid,showformula,textrows,ts,validateformula,visible,width)
            values('0001ZZZZ472890337021','0001ZZZZc061e4b05ecf','1071b7b2-fb67-4a3c-922a-7fcb4b23ab26','approvestatus','1','#111111',null,'~',203,'自由=-1,审批未通过=0,审批通过=1,审批进行中=2,提交=3', null,null,null,null,null,'N',0,null,'N','N','N',null,'N','N','N','select','审批状态',28,NULL,'','approvestatus',null,'~',17,'a13fbdaa-c809-4324-87a4-b22148c4ca79','/common-ref/','-99',null,'N',null,null,null,'2020-11-10 09:14:04',null,'Y',null);
            go
            insert into pub_form_property(pk_form_property,areaid,classid,code,colnum,color,creationtime,creator,datatype,dataval,defaultvalue,defaultvar,define1,define2,define3,disabled,dr,editformula,hyperlinkflag,iscode,isdefined,ismultiselectedenabled,isnextrow,isrevise,istotal,itemtype,label,maxlength,metadataproperty,metaid,metapath,modifiedtime,modifier,position,proid,refcode,refname,relatemeta,required,resid,showformula,textrows,ts,validateformula,visible,width)
            values('0001ZZZZ472890337022','0001ZZZZc061e4b05ecf','1071b7b2-fb67-4a3c-922a-7fcb4b23ab26','pkorg','1','#111111',null,'~',1,null, null,null,null,null,null,'N',0,null,'N','N','N',null,'N','N','N','input','所属组织',28,NULL,'','pkorg',null,'~',13,'c71eb6a1-4c1c-4871-befe-12e0bb75eba9','/common-ref/','-99',null,'N',null,null,null,'2020-11-10 09:14:04',null,'Y',null);
            go
            insert into pub_form_property(pk_form_property,areaid,classid,code,colnum,color,creationtime,creator,datatype,dataval,defaultvalue,defaultvar,define1,define2,define3,disabled,dr,editformula,hyperlinkflag,iscode,isdefined,ismultiselectedenabled,isnextrow,isrevise,istotal,itemtype,label,maxlength,metadataproperty,metaid,metapath,modifiedtime,modifier,position,proid,refcode,refname,relatemeta,required,resid,showformula,textrows,ts,validateformula,visible,width)
            values('0001ZZZZ472890337023','0001ZZZZc061e4b05ecf','1071b7b2-fb67-4a3c-922a-7fcb4b23ab26','lastmaketime','1','#111111',null,'~',34,null, null,null,null,null,null,'N',0,null,'N','N','N',null,'N','N','N','datetimepicker','最后修改时间',28,NULL,'','lastmaketime',null,'~',30,'8460d1b1-2b44-44e5-a85e-5b171324bb61','/common-ref/','-99',null,'N',null,null,null,'2020-11-10 09:14:04',null,'Y',null);
            go
            insert into pub_form_property(pk_form_property,areaid,classid,code,colnum,color,creationtime,creator,datatype,dataval,defaultvalue,defaultvar,define1,define2,define3,disabled,dr,editformula,hyperlinkflag,iscode,isdefined,ismultiselectedenabled,isnextrow,isrevise,istotal,itemtype,label,maxlength,metadataproperty,metaid,metapath,modifiedtime,modifier,position,proid,refcode,refname,relatemeta,required,resid,showformula,textrows,ts,validateformula,visible,width)
            values('0001ZZZZ472890337024','0001ZZZZc061e4b05ecf','1071b7b2-fb67-4a3c-922a-7fcb4b23ab26','srcbillid','1','#111111',null,'~',1,null, null,null,null,null,null,'N',0,null,'N','N','N',null,'N','N','N','input','来源单据id',28,NULL,'','srcbillid',null,'~',24,'46677ccc-08f6-42d9-be9d-c409d4343a1c','/common-ref/','-99',null,'N',null,null,null,'2020-11-10 09:14:04',null,'Y',null);
            go
            insert into pub_form_property(pk_form_property,areaid,classid,code,colnum,color,creationtime,creator,datatype,dataval,defaultvalue,defaultvar,define1,define2,define3,disabled,dr,editformula,hyperlinkflag,iscode,isdefined,ismultiselectedenabled,isnextrow,isrevise,istotal,itemtype,label,maxlength,metadataproperty,metaid,metapath,modifiedtime,modifier,position,proid,refcode,refname,relatemeta,required,resid,showformula,textrows,ts,validateformula,visible,width)
            values('0001ZZZZ472890337025','0001ZZZZc061e4b05ecf','1071b7b2-fb67-4a3c-922a-7fcb4b23ab26','srcbilltype','1','#111111',null,'~',1,null, null,null,null,null,null,'N',0,null,'N','N','N',null,'N','N','N','input','来源单据类型',28,NULL,'','srcbilltype',null,'~',23,'52d692fe-926f-4114-9692-40f7190479ff','/common-ref/','-99',null,'N',null,null,null,'2020-11-10 09:14:04',null,'Y',null);
            go
            insert into pub_form_property(pk_form_property,areaid,classid,code,colnum,color,creationtime,creator,datatype,dataval,defaultvalue,defaultvar,define1,define2,define3,disabled,dr,editformula,hyperlinkflag,iscode,isdefined,ismultiselectedenabled,isnextrow,isrevise,istotal,itemtype,label,maxlength,metadataproperty,metaid,metapath,modifiedtime,modifier,position,proid,refcode,refname,relatemeta,required,resid,showformula,textrows,ts,validateformula,visible,width)
            values('0001ZZZZ472890337026','0001ZZZZc061e4b05ecf','1071b7b2-fb67-4a3c-922a-7fcb4b23ab26','pk_org','1','#111111',null,'~',204,'' , null,null,null,null,null,'N',0,null,'N','N','N',null,'N','N','N','refer','组织',28,'uap.org.name','','pk_org',null,'~',5,'8f911d6a-ee76-4a3d-a264-61f92e48c1ac','uapbd/refer/org/OrgAndOrgTypeCompositeOnlyEnableDataTreeRef/index','组织类型分类的组织单元',null,'N',null,null,null,'2020-11-10 09:14:04',null,'Y',null);
            go
            insert into pub_form_property(pk_form_property,areaid,classid,code,colnum,color,creationtime,creator,datatype,dataval,defaultvalue,defaultvar,define1,define2,define3,disabled,dr,editformula,hyperlinkflag,iscode,isdefined,ismultiselectedenabled,isnextrow,isrevise,istotal,itemtype,label,maxlength,metadataproperty,metaid,metapath,modifiedtime,modifier,position,proid,refcode,refname,relatemeta,required,resid,showformula,textrows,ts,validateformula,visible,width)
            values('0001ZZZZ472890337027','0001ZZZZc061e4b05ecf','1071b7b2-fb67-4a3c-922a-7fcb4b23ab26','pk_org_v','1','#111111',null,'~',204,'' , null,null,null,null,null,'N',0,null,'N','N','N',null,'N','N','N','refer','组织版本',28,'uap.org_v.name','','pk_org_v',null,'~',6,'8ac5be06-c5e6-4858-828b-56ca20f3ecc8','uapbd/refer/orgv/BusinessUnitVersionDefaultAllTreeRef/index','业务单元版本(所有)',null,'N',null,null,null,'2020-11-10 09:14:04',null,'N',null);
            go
            insert into pub_form_property(pk_form_property,areaid,classid,code,colnum,color,creationtime,creator,datatype,dataval,defaultvalue,defaultvar,define1,define2,define3,disabled,dr,editformula,hyperlinkflag,iscode,isdefined,ismultiselectedenabled,isnextrow,isrevise,istotal,itemtype,label,maxlength,metadataproperty,metaid,metapath,modifiedtime,modifier,position,proid,refcode,refname,relatemeta,required,resid,showformula,textrows,ts,validateformula,visible,width)
            values('0001ZZZZ472890337028','0001ZZZZc061e4b05ecf','1071b7b2-fb67-4a3c-922a-7fcb4b23ab26','code','1','#111111',null,'~',1,null, null,null,null,null,null,'N',0,null,'N','N','N',null,'N','N','N','input','编码',28,NULL,'','code',null,'~',2,'5ad98433-f292-4e85-af64-a6e499e5d532','/common-ref/','-99',null,'N',null,null,null,'2020-11-10 09:14:04',null,'Y',null);
            go
            insert into pub_form_property(pk_form_property,areaid,classid,code,colnum,color,creationtime,creator,datatype,dataval,defaultvalue,defaultvar,define1,define2,define3,disabled,dr,editformula,hyperlinkflag,iscode,isdefined,ismultiselectedenabled,isnextrow,isrevise,istotal,itemtype,label,maxlength,metadataproperty,metaid,metapath,modifiedtime,modifier,position,proid,refcode,refname,relatemeta,required,resid,showformula,textrows,ts,validateformula,visible,width)
            values('0001ZZZZ472890337029','0001ZZZZc061e4b05ecf','1071b7b2-fb67-4a3c-922a-7fcb4b23ab26','rowno','1','#111111',null,'~',1,null, null,null,null,null,null,'N',0,null,'N','N','N',null,'N','N','N','input','行号',28,NULL,'','rowno',null,'~',31,'34da8ee9-6687-435a-ac04-c1050a6c71f6','/common-ref/','-99',null,'N',null,null,null,'2020-11-10 09:14:04',null,'Y',null);
            go
            insert into pub_form_property(pk_form_property,areaid,classid,code,colnum,color,creationtime,creator,datatype,dataval,defaultvalue,defaultvar,define1,define2,define3,disabled,dr,editformula,hyperlinkflag,iscode,isdefined,ismultiselectedenabled,isnextrow,isrevise,istotal,itemtype,label,maxlength,metadataproperty,metaid,metapath,modifiedtime,modifier,position,proid,refcode,refname,relatemeta,required,resid,showformula,textrows,ts,validateformula,visible,width)
            values('0001ZZZZ472890337030','0001ZZZZc061e4b05ecf','1071b7b2-fb67-4a3c-922a-7fcb4b23ab26','pk_group','1','#111111',null,'~',204,'' , null,null,null,null,null,'N',0,null,'N','N','N',null,'N','N','N','refer','集团',28,'uap.group.name','','pk_group',null,'~',4,'fd469e2b-df4e-4f97-bc4c-bb41926e1243','uap/refer/riart/groupTreeRef/index','集团',null,'Y',null,null,null,'2020-11-10 09:14:04',null,'Y',null);
            go






            insert into pub_form_property(pk_form_property,areaid,classid,code,colnum,color,creationtime,creator,datatype,dataval,defaultvalue,defaultvar,define1,define2,define3,disabled,dr,editformula,hyperlinkflag,iscode,isdefined,ismultiselectedenabled,isnextrow,isrevise,istotal,itemtype,label,maxlength,metadataproperty,metaid,metapath,modifiedtime,modifier,position,proid,refcode,refname,relatemeta,required,resid,showformula,textrows,ts,validateformula,visible,width)
            values('0001ZZZZ0005078a3001','0001ZZZZ20de8f11d88e','3c61705c-3b9e-4e53-8cd9-f3ee7fcbfe43','amount','1','#111111',null,'~',52,null, null,null,null,null,null,'N',0,null,'N','N','N',null,'N','N','N','number','总金额',28,NULL,'','id_subentity.amount',null,'~',2,'ff93f213-d017-44e2-9a43-3e0617032152',null,null,null,'N',null,null,null,'2020-11-10 09:14:04',null,'Y',null);
            go

            insert into pub_form_property(pk_form_property,areaid,classid,code,colnum,color,creationtime,creator,datatype,dataval,defaultvalue,defaultvar,define1,define2,define3,disabled,dr,editformula,hyperlinkflag,iscode,isdefined,ismultiselectedenabled,isnextrow,isrevise,istotal,itemtype,label,maxlength,metadataproperty,metaid,metapath,modifiedtime,modifier,position,proid,refcode,refname,relatemeta,required,resid,showformula,textrows,ts,validateformula,visible,width)
            values('0001ZZZZae3f8f92f001','0001ZZZZaa6182553f10','3c61705c-3b9e-4e53-8cd9-f3ee7fcbfe43','amount','1','#111111',null,'~',52,null, null,null,null,null,null,'N',0,null,'N','N','N',null,'N','N','N','number','总金额',28,NULL,'','id_subentity.amount',null,'~',2,'284d5215-d81d-497a-ab16-ada49dc5bae7',null,null,null,'N',null,null,null,'2020-11-10 09:14:04',null,'Y',null);
            go

            insert into pub_form_property(pk_form_property,areaid,classid,code,colnum,color,creationtime,creator,datatype,dataval,defaultvalue,defaultvar,define1,define2,define3,disabled,dr,editformula,hyperlinkflag,iscode,isdefined,ismultiselectedenabled,isnextrow,isrevise,istotal,itemtype,label,maxlength,metadataproperty,metaid,metapath,modifiedtime,modifier,position,proid,refcode,refname,relatemeta,required,resid,showformula,textrows,ts,validateformula,visible,width)
            values('0001ZZZZcff608539001','0001ZZZZ2e22fc124585','3c61705c-3b9e-4e53-8cd9-f3ee7fcbfe43','amount','1','#111111',null,'~',52,null, null,null,null,null,null,'N',0,null,'N','N','N',null,'N','N','N','number','总金额',28,NULL,'','id_subentity.amount',null,'~',2,'c4dfa986-eaf8-40a8-8d1c-ba09c4302524',null,null,null,'N',null,null,null,'2020-11-10 09:14:04',null,'Y',null);
            go











            insert into pub_form_property(pk_form_property,areaid,classid,code,colnum,color,creationtime,creator,datatype,dataval,defaultvalue,defaultvar,define1,define2,define3,disabled,dr,editformula,hyperlinkflag,iscode,isdefined,ismultiselectedenabled,isnextrow,isrevise,istotal,itemtype,label,maxlength,metadataproperty,metaid,metapath,modifiedtime,modifier,position,proid,refcode,refname,relatemeta,required,resid,showformula,textrows,ts,validateformula,visible,width)
            values('0001ZZZZ037a7705f000','0001ZZZZ255abe16270e','1071b7b2-fb67-4a3c-922a-7fcb4b23ab26','id','1','#111111',null,'~',1,null, null,null,null,null,null,'N',0,null,'N','N','N',null,'N','N','N','input','id',28,NULL,'','id',null,'~',27,'6692b5b1-c620-42b0-8058-81b6ffa1531e','/common-ref/','-99',null,'N',null,null,null,'2020-11-10 09:14:04',null,'Y',null);
            go
            insert into pub_form_property(pk_form_property,areaid,classid,code,colnum,color,creationtime,creator,datatype,dataval,defaultvalue,defaultvar,define1,define2,define3,disabled,dr,editformula,hyperlinkflag,iscode,isdefined,ismultiselectedenabled,isnextrow,isrevise,istotal,itemtype,label,maxlength,metadataproperty,metaid,metapath,modifiedtime,modifier,position,proid,refcode,refname,relatemeta,required,resid,showformula,textrows,ts,validateformula,visible,width)
            values('0001ZZZZ037a7705f002','0001ZZZZ255abe16270e','1071b7b2-fb67-4a3c-922a-7fcb4b23ab26','name','1','#111111',null,'~',1,null, null,null,null,null,null,'N',0,null,'N','N','N',null,'N','N','N','input','name',28,NULL,'','name',null,'~',28,'bed992b9-e9f3-432f-974b-5e904e8b4cba','/common-ref/','-99',null,'N',null,null,null,'2020-11-10 09:14:04',null,'Y',null);
            go
            insert into pub_form_property(pk_form_property,areaid,classid,code,colnum,color,creationtime,creator,datatype,dataval,defaultvalue,defaultvar,define1,define2,define3,disabled,dr,editformula,hyperlinkflag,iscode,isdefined,ismultiselectedenabled,isnextrow,isrevise,istotal,itemtype,label,maxlength,metadataproperty,metaid,metapath,modifiedtime,modifier,position,proid,refcode,refname,relatemeta,required,resid,showformula,textrows,ts,validateformula,visible,width)
            values('0001ZZZZ037a7705f003','0001ZZZZ255abe16270e','1071b7b2-fb67-4a3c-922a-7fcb4b23ab26','busitype','1','#111111',null,'~',204,null, null,null,null,null,null,'N',0,null,'N','N','N',null,'N','N','N','refer','业务类型',28,'uap.BusitypeVO.businame','','busitype',null,'~',14,'938e34a2-7640-4f8a-8794-9d48512ab8d2','uap/refer/riart/busitype/index','业务流程',null,'N',null,null,null,'2020-11-10 09:14:04',null,'Y',null);
            go
            insert into pub_form_property(pk_form_property,areaid,classid,code,colnum,color,creationtime,creator,datatype,dataval,defaultvalue,defaultvar,define1,define2,define3,disabled,dr,editformula,hyperlinkflag,iscode,isdefined,ismultiselectedenabled,isnextrow,isrevise,istotal,itemtype,label,maxlength,metadataproperty,metaid,metapath,modifiedtime,modifier,position,proid,refcode,refname,relatemeta,required,resid,showformula,textrows,ts,validateformula,visible,width)
            values('0001ZZZZ037a7705f004','0001ZZZZ255abe16270e','1071b7b2-fb67-4a3c-922a-7fcb4b23ab26','pk_m','1','#111111',null,'~',1,null, null,null,null,null,null,'N',0,null,'N','N','N',null,'N','N','N','input','主键',28,NULL,'','pk_m',null,'~',1,'8622370e-cb61-459a-8d1a-9fb08f5b47dc','/common-ref/','-99',null,'Y',null,null,null,'2020-11-10 09:14:04',null,'N',null);
            go
            insert into pub_form_property(pk_form_property,areaid,classid,code,colnum,color,creationtime,creator,datatype,dataval,defaultvalue,defaultvar,define1,define2,define3,disabled,dr,editformula,hyperlinkflag,iscode,isdefined,ismultiselectedenabled,isnextrow,isrevise,istotal,itemtype,label,maxlength,metadataproperty,metaid,metapath,modifiedtime,modifier,position,proid,refcode,refname,relatemeta,required,resid,showformula,textrows,ts,validateformula,visible,width)
            values('0001ZZZZ037a7705f005','0001ZZZZ255abe16270e','1071b7b2-fb67-4a3c-922a-7fcb4b23ab26','transtype','1','#111111',null,'~',204,null, null,null,null,null,null,'N',0,null,'N','N','N',null,'N','N','N','refer','交易类型',28,'riart.transtype.billtypename','','transtype',null,'~',20,'be9a2f79-7d87-4d35-9022-a57836e53bbe','/common-ref/','交易类型',null,'N',null,null,null,'2020-11-10 09:14:04',null,'Y',null);
            go
            insert into pub_form_property(pk_form_property,areaid,classid,code,colnum,color,creationtime,creator,datatype,dataval,defaultvalue,defaultvar,define1,define2,define3,disabled,dr,editformula,hyperlinkflag,iscode,isdefined,ismultiselectedenabled,isnextrow,isrevise,istotal,itemtype,label,maxlength,metadataproperty,metaid,metapath,modifiedtime,modifier,position,proid,refcode,refname,relatemeta,required,resid,showformula,textrows,ts,validateformula,visible,width)
            values('0001ZZZZ037a7705f006','0001ZZZZ255abe16270e','1071b7b2-fb67-4a3c-922a-7fcb4b23ab26','transtypepk','1','#111111',null,'~',1,null, null,null,null,null,null,'N',0,null,'N','N','N',null,'N','N','N','input','交易类型pk',28,NULL,'','transtypepk',null,'~',22,'561703f8-bd9e-4959-8abb-d4e781cddf3c','/common-ref/','-99',null,'Y',null,null,null,'2020-11-10 09:14:04',null,'Y',null);
            go
            insert into pub_form_property(pk_form_property,areaid,classid,code,colnum,color,creationtime,creator,datatype,dataval,defaultvalue,defaultvar,define1,define2,define3,disabled,dr,editformula,hyperlinkflag,iscode,isdefined,ismultiselectedenabled,isnextrow,isrevise,istotal,itemtype,label,maxlength,metadataproperty,metaid,metapath,modifiedtime,modifier,position,proid,refcode,refname,relatemeta,required,resid,showformula,textrows,ts,validateformula,visible,width)
            values('0001ZZZZ670e31ef7730','0001ZZZZ3fed5cd4a3dd','1071b7b2-fb67-4a3c-922a-7fcb4b23ab26','modifier','1','#111111',null,'~',204,null, null,null,null,null,null,'N',0,null,'N','N','N',null,'N','N','N','refer','修改人',28,'uap.user.user_name','','modifier',null,'~',9,'204ac806-9462-4ae3-ad4a-d6fe54832b22','uap/refer/riart/userDefaultRefer/index','用户',null,'N',null,null,null,'2020-11-10 09:14:04',null,'Y',null);
            go
            insert into pub_form_property(pk_form_property,areaid,classid,code,colnum,color,creationtime,creator,datatype,dataval,defaultvalue,defaultvar,define1,define2,define3,disabled,dr,editformula,hyperlinkflag,iscode,isdefined,ismultiselectedenabled,isnextrow,isrevise,istotal,itemtype,label,maxlength,metadataproperty,metaid,metapath,modifiedtime,modifier,position,proid,refcode,refname,relatemeta,required,resid,showformula,textrows,ts,validateformula,visible,width)
            values('0001ZZZZ82497ea006dd','0001ZZZZ3fed5cd4a3dd','1071b7b2-fb67-4a3c-922a-7fcb4b23ab26','modifiedtime','1','#111111',null,'~',34,null, null,null,null,null,null,'N',0,null,'N','N','N',null,'N','N','N','datetimepicker','修改时间',28,NULL,'','modifiedtime',null,'~',10,'6230b9e8-3d73-4870-a242-40a55914a1d0','/common-ref/','-99',null,'N',null,null,null,'2020-11-10 09:14:04',null,'Y',null);
            go
            insert into pub_form_property(pk_form_property,areaid,classid,code,colnum,color,creationtime,creator,datatype,dataval,defaultvalue,defaultvar,define1,define2,define3,disabled,dr,editformula,hyperlinkflag,iscode,isdefined,ismultiselectedenabled,isnextrow,isrevise,istotal,itemtype,label,maxlength,metadataproperty,metaid,metapath,modifiedtime,modifier,position,proid,refcode,refname,relatemeta,required,resid,showformula,textrows,ts,validateformula,visible,width)
            values('0001ZZZZ037a7705f009','0001ZZZZ255abe16270e','1071b7b2-fb67-4a3c-922a-7fcb4b23ab26','emendenum','1','#111111',null,'~',4,null, null,null,null,null,null,'N',0,null,'N','N','N',null,'N','N','N','number','修订枚举',28,NULL,'','emendenum',null,'~',25,'d4c0f083-b718-4d4a-b885-dc0f52250e22','/common-ref/','-99',null,'N',null,null,null,'2020-11-10 09:14:04',null,'Y',null);
            go
            insert into pub_form_property(pk_form_property,areaid,classid,code,colnum,color,creationtime,creator,datatype,dataval,defaultvalue,defaultvar,define1,define2,define3,disabled,dr,editformula,hyperlinkflag,iscode,isdefined,ismultiselectedenabled,isnextrow,isrevise,istotal,itemtype,label,maxlength,metadataproperty,metaid,metapath,modifiedtime,modifier,position,proid,refcode,refname,relatemeta,required,resid,showformula,textrows,ts,validateformula,visible,width)
            values('0001ZZZZdd00369cdc1b','0001ZZZZ3fed5cd4a3dd','1071b7b2-fb67-4a3c-922a-7fcb4b23ab26','creator','1','#111111',null,'~',204,null, null,null,null,null,null,'N',0,null,'N','N','N',null,'N','N','N','refer','创建人',28,'uap.user.user_name','','creator',null,'~',7,'bcfbefb4-85c9-4923-bd5e-6d2fc1dd4bf0','uap/refer/riart/userDefaultRefer/index','用户',null,'N',null,null,null,'2020-11-10 09:14:04',null,'Y',null);
            go
            insert into pub_form_property(pk_form_property,areaid,classid,code,colnum,color,creationtime,creator,datatype,dataval,defaultvalue,defaultvar,define1,define2,define3,disabled,dr,editformula,hyperlinkflag,iscode,isdefined,ismultiselectedenabled,isnextrow,isrevise,istotal,itemtype,label,maxlength,metadataproperty,metaid,metapath,modifiedtime,modifier,position,proid,refcode,refname,relatemeta,required,resid,showformula,textrows,ts,validateformula,visible,width)
            values('0001ZZZZ17d8f97a5bfd','0001ZZZZ3fed5cd4a3dd','1071b7b2-fb67-4a3c-922a-7fcb4b23ab26','creationtime','1','#111111',null,'~',34,null, null,null,null,null,null,'N',0,null,'N','N','N',null,'N','N','N','datetimepicker','创建时间',28,NULL,'','creationtime',null,'~',8,'b9747ffe-80c1-4568-a533-f90372bbc4dc','/common-ref/','-99',null,'N',null,null,null,'2020-11-10 09:14:04',null,'Y',null);
            go
            insert into pub_form_property(pk_form_property,areaid,classid,code,colnum,color,creationtime,creator,datatype,dataval,defaultvalue,defaultvar,define1,define2,define3,disabled,dr,editformula,hyperlinkflag,iscode,isdefined,ismultiselectedenabled,isnextrow,isrevise,istotal,itemtype,label,maxlength,metadataproperty,metaid,metapath,modifiedtime,modifier,position,proid,refcode,refname,relatemeta,required,resid,showformula,textrows,ts,validateformula,visible,width)
            values('0001ZZZZ037a7705f012','0001ZZZZ255abe16270e','1071b7b2-fb67-4a3c-922a-7fcb4b23ab26','billmaker','1','#111111',null,'~',1,null, null,null,null,null,null,'N',0,null,'N','N','N',null,'N','N','N','input','制单人',28,NULL,'','billmaker',null,'~',15,'7aaced78-fad9-4875-8cac-29701c6322a2','/common-ref/','-99',null,'N',null,null,null,'2020-11-10 09:14:04',null,'Y',null);
            go
            insert into pub_form_property(pk_form_property,areaid,classid,code,colnum,color,creationtime,creator,datatype,dataval,defaultvalue,defaultvar,define1,define2,define3,disabled,dr,editformula,hyperlinkflag,iscode,isdefined,ismultiselectedenabled,isnextrow,isrevise,istotal,itemtype,label,maxlength,metadataproperty,metaid,metapath,modifiedtime,modifier,position,proid,refcode,refname,relatemeta,required,resid,showformula,textrows,ts,validateformula,visible,width)
            values('0001ZZZZ037a7705f013','0001ZZZZ255abe16270e','1071b7b2-fb67-4a3c-922a-7fcb4b23ab26','maketime','1','#111111',null,'~',34,null, null,null,null,null,null,'N',0,null,'N','N','N',null,'N','N','N','datetimepicker','制单时间',28,NULL,'','maketime',null,'~',29,'a80b4d40-5491-49f8-ac39-1a9a51a360b8','/common-ref/','-99',null,'Y',null,null,null,'2020-11-10 09:14:04',null,'Y',null);
            go
            insert into pub_form_property(pk_form_property,areaid,classid,code,colnum,color,creationtime,creator,datatype,dataval,defaultvalue,defaultvar,define1,define2,define3,disabled,dr,editformula,hyperlinkflag,iscode,isdefined,ismultiselectedenabled,isnextrow,isrevise,istotal,itemtype,label,maxlength,metadataproperty,metaid,metapath,modifiedtime,modifier,position,proid,refcode,refname,relatemeta,required,resid,showformula,textrows,ts,validateformula,visible,width)
            values('0001ZZZZ037a7705f014','0001ZZZZ255abe16270e','1071b7b2-fb67-4a3c-922a-7fcb4b23ab26','billid','1','#111111',null,'~',1,null, null,null,null,null,null,'N',0,null,'N','N','N',null,'N','N','N','input','单据ID',28,NULL,'','billid',null,'~',11,'992c02be-a95d-499d-aafa-5a42dc3ebb4b','/common-ref/','-99',null,'N',null,null,null,'2020-11-10 09:14:04',null,'Y',null);
            go
            insert into pub_form_property(pk_form_property,areaid,classid,code,colnum,color,creationtime,creator,datatype,dataval,defaultvalue,defaultvar,define1,define2,define3,disabled,dr,editformula,hyperlinkflag,iscode,isdefined,ismultiselectedenabled,isnextrow,isrevise,istotal,itemtype,label,maxlength,metadataproperty,metaid,metapath,modifiedtime,modifier,position,proid,refcode,refname,relatemeta,required,resid,showformula,textrows,ts,validateformula,visible,width)
            values('0001ZZZZ037a7705f015','0001ZZZZ255abe16270e','1071b7b2-fb67-4a3c-922a-7fcb4b23ab26','billno','1','#111111',null,'~',1,null, null,null,null,null,null,'N',0,null,'N','N','N',null,'N','N','N','input','单据号',28,NULL,'','billno',null,'~',12,'a210fe82-d186-47ab-a5c3-050dd6196aed','/common-ref/','-99',null,'N',null,null,null,'2020-11-10 09:14:04',null,'Y',null);
            go
            insert into pub_form_property(pk_form_property,areaid,classid,code,colnum,color,creationtime,creator,datatype,dataval,defaultvalue,defaultvar,define1,define2,define3,disabled,dr,editformula,hyperlinkflag,iscode,isdefined,ismultiselectedenabled,isnextrow,isrevise,istotal,itemtype,label,maxlength,metadataproperty,metaid,metapath,modifiedtime,modifier,position,proid,refcode,refname,relatemeta,required,resid,showformula,textrows,ts,validateformula,visible,width)
            values('0001ZZZZ037a7705f016','0001ZZZZ255abe16270e','1071b7b2-fb67-4a3c-922a-7fcb4b23ab26','billversionpk','1','#111111',null,'~',1,null, null,null,null,null,null,'N',0,null,'N','N','N',null,'N','N','N','input','单据版本pk',28,NULL,'','billversionpk',null,'~',26,'061c4b9c-78fe-4f19-a8ec-bb9ad2998095','/common-ref/','-99',null,'N',null,null,null,'2020-11-10 09:14:04',null,'Y',null);
            go
            insert into pub_form_property(pk_form_property,areaid,classid,code,colnum,color,creationtime,creator,datatype,dataval,defaultvalue,defaultvar,define1,define2,define3,disabled,dr,editformula,hyperlinkflag,iscode,isdefined,ismultiselectedenabled,isnextrow,isrevise,istotal,itemtype,label,maxlength,metadataproperty,metaid,metapath,modifiedtime,modifier,position,proid,refcode,refname,relatemeta,required,resid,showformula,textrows,ts,validateformula,visible,width)
            values('0001ZZZZ037a7705f017','0001ZZZZ255abe16270e','1071b7b2-fb67-4a3c-922a-7fcb4b23ab26','billtype','1','#111111',null,'~',204,null, null,null,null,null,null,'N',0,null,'N','N','N',null,'N','N','N','refer','单据类型',28,'uap.BilltypeVO.billtypename','','billtype',null,'~',21,'fe2ebc7d-d5e5-448b-bff0-a92ff98b07f9','uap/refer/riart/billtype/index','影响因素单据类型',null,'N',null,null,null,'2020-11-10 09:14:04',null,'Y',null);
            go
            insert into pub_form_property(pk_form_property,areaid,classid,code,colnum,color,creationtime,creator,datatype,dataval,defaultvalue,defaultvar,define1,define2,define3,disabled,dr,editformula,hyperlinkflag,iscode,isdefined,ismultiselectedenabled,isnextrow,isrevise,istotal,itemtype,label,maxlength,metadataproperty,metaid,metapath,modifiedtime,modifier,position,proid,refcode,refname,relatemeta,required,resid,showformula,textrows,ts,validateformula,visible,width)
            values('0001ZZZZeccfbc7e34d2','0001ZZZZ3fed5cd4a3dd','1071b7b2-fb67-4a3c-922a-7fcb4b23ab26','approver','1','#111111',null,'~',1,null, null,null,null,null,null,'N',0,null,'N','N','N',null,'N','N','N','input','审批人',28,NULL,'','approver',null,'~',16,'ea5522ba-b2df-4ae2-b251-16746e236ca2','/common-ref/','-99',null,'N',null,null,null,'2020-11-10 09:14:04',null,'Y',null);
            go
            insert into pub_form_property(pk_form_property,areaid,classid,code,colnum,color,creationtime,creator,datatype,dataval,defaultvalue,defaultvar,define1,define2,define3,disabled,dr,editformula,hyperlinkflag,iscode,isdefined,ismultiselectedenabled,isnextrow,isrevise,istotal,itemtype,label,maxlength,metadataproperty,metaid,metapath,modifiedtime,modifier,position,proid,refcode,refname,relatemeta,required,resid,showformula,textrows,ts,validateformula,visible,width)
            values('0001ZZZZ1478f89eb71f','0001ZZZZ3fed5cd4a3dd','1071b7b2-fb67-4a3c-922a-7fcb4b23ab26','approvenote','1','#111111',null,'~',1,null, null,null,null,null,null,'N',0,null,'N','N','N',null,'N','N','N','input','审批批语',28,NULL,'','approvenote',null,'~',18,'d077449d-27d2-46ca-88ec-68be94e19cd1','/common-ref/','-99',null,'N',null,null,null,'2020-11-10 09:14:04',null,'Y',null);
            go
            insert into pub_form_property(pk_form_property,areaid,classid,code,colnum,color,creationtime,creator,datatype,dataval,defaultvalue,defaultvar,define1,define2,define3,disabled,dr,editformula,hyperlinkflag,iscode,isdefined,ismultiselectedenabled,isnextrow,isrevise,istotal,itemtype,label,maxlength,metadataproperty,metaid,metapath,modifiedtime,modifier,position,proid,refcode,refname,relatemeta,required,resid,showformula,textrows,ts,validateformula,visible,width)
            values('0001ZZZZ2f3111a3fb6e','0001ZZZZ3fed5cd4a3dd','1071b7b2-fb67-4a3c-922a-7fcb4b23ab26','approvedate','1','#111111',null,'~',34,null, null,null,null,null,null,'N',0,null,'N','N','N',null,'N','N','N','datetimepicker','审批时间',28,NULL,'','approvedate',null,'~',19,'3fa99f4b-f0df-4fd4-987f-56a422e5a30f','/common-ref/','-99',null,'N',null,null,null,'2020-11-10 09:14:04',null,'Y',null);
            go
            insert into pub_form_property(pk_form_property,areaid,classid,code,colnum,color,creationtime,creator,datatype,dataval,defaultvalue,defaultvar,define1,define2,define3,disabled,dr,editformula,hyperlinkflag,iscode,isdefined,ismultiselectedenabled,isnextrow,isrevise,istotal,itemtype,label,maxlength,metadataproperty,metaid,metapath,modifiedtime,modifier,position,proid,refcode,refname,relatemeta,required,resid,showformula,textrows,ts,validateformula,visible,width)
            values('0001ZZZZ037a7705f021','0001ZZZZ255abe16270e','1071b7b2-fb67-4a3c-922a-7fcb4b23ab26','approvestatus','1','#111111',null,'~',203,'自由=-1,审批未通过=0,审批通过=1,审批进行中=2,提交=3', null,null,null,null,null,'N',0,null,'N','N','N',null,'N','N','N','select','审批状态',28,NULL,'','approvestatus',null,'~',17,'06278c85-533f-42a6-a387-caa4c828cdbc','/common-ref/','-99',null,'N',null,null,null,'2020-11-10 09:14:04',null,'Y',null);
            go
            insert into pub_form_property(pk_form_property,areaid,classid,code,colnum,color,creationtime,creator,datatype,dataval,defaultvalue,defaultvar,define1,define2,define3,disabled,dr,editformula,hyperlinkflag,iscode,isdefined,ismultiselectedenabled,isnextrow,isrevise,istotal,itemtype,label,maxlength,metadataproperty,metaid,metapath,modifiedtime,modifier,position,proid,refcode,refname,relatemeta,required,resid,showformula,textrows,ts,validateformula,visible,width)
            values('0001ZZZZ037a7705f022','0001ZZZZ255abe16270e','1071b7b2-fb67-4a3c-922a-7fcb4b23ab26','pkorg','1','#111111',null,'~',1,null, null,null,null,null,null,'N',0,null,'N','N','N',null,'N','N','N','input','所属组织',28,NULL,'','pkorg',null,'~',13,'919d17a6-969e-4861-9f4c-dfb12437d319','/common-ref/','-99',null,'N',null,null,null,'2020-11-10 09:14:04',null,'Y',null);
            go
            insert into pub_form_property(pk_form_property,areaid,classid,code,colnum,color,creationtime,creator,datatype,dataval,defaultvalue,defaultvar,define1,define2,define3,disabled,dr,editformula,hyperlinkflag,iscode,isdefined,ismultiselectedenabled,isnextrow,isrevise,istotal,itemtype,label,maxlength,metadataproperty,metaid,metapath,modifiedtime,modifier,position,proid,refcode,refname,relatemeta,required,resid,showformula,textrows,ts,validateformula,visible,width)
            values('0001ZZZZ037a7705f023','0001ZZZZ255abe16270e','1071b7b2-fb67-4a3c-922a-7fcb4b23ab26','lastmaketime','1','#111111',null,'~',34,null, null,null,null,null,null,'N',0,null,'N','N','N',null,'N','N','N','datetimepicker','最后修改时间',28,NULL,'','lastmaketime',null,'~',30,'1d68d45f-5de9-4b68-906b-175400f1ac8c','/common-ref/','-99',null,'N',null,null,null,'2020-11-10 09:14:04',null,'Y',null);
            go
            insert into pub_form_property(pk_form_property,areaid,classid,code,colnum,color,creationtime,creator,datatype,dataval,defaultvalue,defaultvar,define1,define2,define3,disabled,dr,editformula,hyperlinkflag,iscode,isdefined,ismultiselectedenabled,isnextrow,isrevise,istotal,itemtype,label,maxlength,metadataproperty,metaid,metapath,modifiedtime,modifier,position,proid,refcode,refname,relatemeta,required,resid,showformula,textrows,ts,validateformula,visible,width)
            values('0001ZZZZ037a7705f024','0001ZZZZ255abe16270e','1071b7b2-fb67-4a3c-922a-7fcb4b23ab26','srcbillid','1','#111111',null,'~',1,null, null,null,null,null,null,'N',0,null,'N','N','N',null,'N','N','N','input','来源单据id',28,NULL,'','srcbillid',null,'~',24,'fa86de47-2e1e-45cc-9553-e7ae10a28b17','/common-ref/','-99',null,'N',null,null,null,'2020-11-10 09:14:04',null,'Y',null);
            go
            insert into pub_form_property(pk_form_property,areaid,classid,code,colnum,color,creationtime,creator,datatype,dataval,defaultvalue,defaultvar,define1,define2,define3,disabled,dr,editformula,hyperlinkflag,iscode,isdefined,ismultiselectedenabled,isnextrow,isrevise,istotal,itemtype,label,maxlength,metadataproperty,metaid,metapath,modifiedtime,modifier,position,proid,refcode,refname,relatemeta,required,resid,showformula,textrows,ts,validateformula,visible,width)
            values('0001ZZZZ037a7705f025','0001ZZZZ255abe16270e','1071b7b2-fb67-4a3c-922a-7fcb4b23ab26','srcbilltype','1','#111111',null,'~',1,null, null,null,null,null,null,'N',0,null,'N','N','N',null,'N','N','N','input','来源单据类型',28,NULL,'','srcbilltype',null,'~',23,'c0352caa-2d23-4da8-9754-86b8017dff85','/common-ref/','-99',null,'N',null,null,null,'2020-11-10 09:14:04',null,'Y',null);
            go
            insert into pub_form_property(pk_form_property,areaid,classid,code,colnum,color,creationtime,creator,datatype,dataval,defaultvalue,defaultvar,define1,define2,define3,disabled,dr,editformula,hyperlinkflag,iscode,isdefined,ismultiselectedenabled,isnextrow,isrevise,istotal,itemtype,label,maxlength,metadataproperty,metaid,metapath,modifiedtime,modifier,position,proid,refcode,refname,relatemeta,required,resid,showformula,textrows,ts,validateformula,visible,width)
            values('0001ZZZZ037a7705f026','0001ZZZZ255abe16270e','1071b7b2-fb67-4a3c-922a-7fcb4b23ab26','pk_org','1','#111111',null,'~',204,null, null,null,null,null,null,'N',0,null,'N','N','N',null,'N','N','N','refer','组织',28,'uap.org.name','','pk_org',null,'~',5,'04f69e50-5638-4b8b-9136-56d3a9ca479c','uapbd/refer/org/OrgAndOrgTypeCompositeOnlyEnableDataTreeRef/index','组织类型分类的组织单元',null,'N',null,null,null,'2020-11-10 09:14:04',null,'Y',null);
            go
            insert into pub_form_property(pk_form_property,areaid,classid,code,colnum,color,creationtime,creator,datatype,dataval,defaultvalue,defaultvar,define1,define2,define3,disabled,dr,editformula,hyperlinkflag,iscode,isdefined,ismultiselectedenabled,isnextrow,isrevise,istotal,itemtype,label,maxlength,metadataproperty,metaid,metapath,modifiedtime,modifier,position,proid,refcode,refname,relatemeta,required,resid,showformula,textrows,ts,validateformula,visible,width)
            values('0001ZZZZ037a7705f027','0001ZZZZ255abe16270e','1071b7b2-fb67-4a3c-922a-7fcb4b23ab26','pk_org_v','1','#111111',null,'~',204,null, null,null,null,null,null,'N',0,null,'N','N','N',null,'N','N','N','refer','组织版本',28,'uap.org_v.name','','pk_org_v',null,'~',6,'e0cf61a2-4d9a-4c8e-8881-77640a407671','uapbd/refer/orgv/BusinessUnitVersionDefaultAllTreeRef/index','业务单元版本(所有)',null,'N',null,null,null,'2020-11-10 09:14:04',null,'N',null);
            go
            insert into pub_form_property(pk_form_property,areaid,classid,code,colnum,color,creationtime,creator,datatype,dataval,defaultvalue,defaultvar,define1,define2,define3,disabled,dr,editformula,hyperlinkflag,iscode,isdefined,ismultiselectedenabled,isnextrow,isrevise,istotal,itemtype,label,maxlength,metadataproperty,metaid,metapath,modifiedtime,modifier,position,proid,refcode,refname,relatemeta,required,resid,showformula,textrows,ts,validateformula,visible,width)
            values('0001ZZZZ037a7705f028','0001ZZZZ255abe16270e','1071b7b2-fb67-4a3c-922a-7fcb4b23ab26','code','1','#111111',null,'~',1,null, null,null,null,null,null,'N',0,null,'N','N','N',null,'N','N','N','input','编码',28,NULL,'','code',null,'~',2,'543bd400-afa9-495b-806a-e3573bf0b91f','/common-ref/','-99',null,'N',null,null,null,'2020-11-10 09:14:04',null,'Y',null);
            go
            insert into pub_form_property(pk_form_property,areaid,classid,code,colnum,color,creationtime,creator,datatype,dataval,defaultvalue,defaultvar,define1,define2,define3,disabled,dr,editformula,hyperlinkflag,iscode,isdefined,ismultiselectedenabled,isnextrow,isrevise,istotal,itemtype,label,maxlength,metadataproperty,metaid,metapath,modifiedtime,modifier,position,proid,refcode,refname,relatemeta,required,resid,showformula,textrows,ts,validateformula,visible,width)
            values('0001ZZZZ037a7705f029','0001ZZZZ255abe16270e','1071b7b2-fb67-4a3c-922a-7fcb4b23ab26','rowno','1','#111111',null,'~',1,null, null,null,null,null,null,'N',0,null,'N','N','N',null,'N','N','N','input','行号',28,NULL,'','rowno',null,'~',31,'44606d7b-3ddc-4786-840a-86dee45bbc7a','/common-ref/','-99',null,'N',null,null,null,'2020-11-10 09:14:04',null,'Y',null);
            go
            insert into pub_form_property(pk_form_property,areaid,classid,code,colnum,color,creationtime,creator,datatype,dataval,defaultvalue,defaultvar,define1,define2,define3,disabled,dr,editformula,hyperlinkflag,iscode,isdefined,ismultiselectedenabled,isnextrow,isrevise,istotal,itemtype,label,maxlength,metadataproperty,metaid,metapath,modifiedtime,modifier,position,proid,refcode,refname,relatemeta,required,resid,showformula,textrows,ts,validateformula,visible,width)
            values('0001ZZZZ037a7705f030','0001ZZZZ255abe16270e','1071b7b2-fb67-4a3c-922a-7fcb4b23ab26','pk_group','1','#111111',null,'~',204,null, null,null,null,null,null,'N',0,null,'N','N','N',null,'N','N','N','refer','集团',28,'uap.group.name','','pk_group',null,'~',4,'4fc1efa2-8038-4c6e-8307-4f074e8ac693','uap/refer/riart/groupTreeRef/index','集团',null,'Y',null,null,null,'2020-11-10 09:14:04',null,'Y',null);
            go




            insert into pub_form_property(pk_form_property,areaid,classid,code,colnum,color,creationtime,creator,datatype,dataval,defaultvalue,defaultvar,define1,define2,define3,disabled,dr,editformula,hyperlinkflag,iscode,isdefined,ismultiselectedenabled,isnextrow,isrevise,istotal,itemtype,label,maxlength,metadataproperty,metaid,metapath,modifiedtime,modifier,position,proid,refcode,refname,relatemeta,required,resid,showformula,textrows,ts,validateformula,visible,width)
            values('0001ZZZZa3572ff51001','0001ZZZZb4b8e7a5258f','3c61705c-3b9e-4e53-8cd9-f3ee7fcbfe43','amount','1','#111111',null,'~',52,null, null,null,null,null,null,'N',0,null,'N','N','N',null,'N','N','N','number','总金额',28,NULL,'','id_subentity.amount',null,'~',2,'c6104924-3946-4075-af8c-a9a0632c7079',null,null,null,'N',null,null,null,'2020-11-10 09:14:04',null,'Y',null);
            go

            insert into pub_form_property(pk_form_property,areaid,classid,code,colnum,color,creationtime,creator,datatype,dataval,defaultvalue,defaultvar,define1,define2,define3,disabled,dr,editformula,hyperlinkflag,iscode,isdefined,ismultiselectedenabled,isnextrow,isrevise,istotal,itemtype,label,maxlength,metadataproperty,metaid,metapath,modifiedtime,modifier,position,proid,refcode,refname,relatemeta,required,resid,showformula,textrows,ts,validateformula,visible,width)
            values('0001ZZZZ7e5ad9aca001','0001ZZZZ6fcf5abf9153','3c61705c-3b9e-4e53-8cd9-f3ee7fcbfe43','amount','1','#111111',null,'~',52,null, null,null,null,null,null,'N',0,null,'N','N','N',null,'N','N','N','number','总金额',28,NULL,'','id_subentity.amount',null,'~',2,'19d51be4-4edf-42bc-85a0-93ebff3ace4f',null,null,null,'N',null,null,null,'2020-11-10 09:14:04',null,'Y',null);
            go

            insert into pub_form_property(pk_form_property,areaid,classid,code,colnum,color,creationtime,creator,datatype,dataval,defaultvalue,defaultvar,define1,define2,define3,disabled,dr,editformula,hyperlinkflag,iscode,isdefined,ismultiselectedenabled,isnextrow,isrevise,istotal,itemtype,label,maxlength,metadataproperty,metaid,metapath,modifiedtime,modifier,position,proid,refcode,refname,relatemeta,required,resid,showformula,textrows,ts,validateformula,visible,width)
            values('0001ZZZZa24556db5001','0001ZZZZ1f957c625ff0','3c61705c-3b9e-4e53-8cd9-f3ee7fcbfe43','amount','1','#111111',null,'~',52,null, null,null,null,null,null,'N',0,null,'N','N','N',null,'N','N','N','number','总金额',28,NULL,'','id_subentity.amount',null,'~',2,'db514ceb-c24b-4906-bd81-5beb5609636a',null,null,null,'N',null,null,null,'2020-11-10 09:14:04',null,'Y',null);
            go







            insert into pub_form_property(pk_form_property,areaid,classid,code,colnum,color,creationtime,creator,datatype,dataval,defaultvalue,defaultvar,define1,define2,define3,disabled,dr,editformula,hyperlinkflag,iscode,isdefined,ismultiselectedenabled,isnextrow,isrevise,istotal,itemtype,label,maxlength,metadataproperty,metaid,metapath,modifiedtime,modifier,position,proid,refcode,refname,relatemeta,required,resid,showformula,textrows,ts,validateformula,visible,width)
            values('0001ZZZZ730243a3b000','0001ZZZZc64d47378c29','1071b7b2-fb67-4a3c-922a-7fcb4b23ab26','id','1','#111111',null,'~',1,null, null,null,null,null,null,'N',0,null,'N','N','N',null,'N','N','N','input','id',28,NULL,'','id',null,'~',27,'27be5597-8890-4e7e-99ed-62e1d16d6856','/common-ref/','-99',null,'N',null,null,null,'2020-11-10 09:14:04',null,'Y',null);
            go
            insert into pub_form_property(pk_form_property,areaid,classid,code,colnum,color,creationtime,creator,datatype,dataval,defaultvalue,defaultvar,define1,define2,define3,disabled,dr,editformula,hyperlinkflag,iscode,isdefined,ismultiselectedenabled,isnextrow,isrevise,istotal,itemtype,label,maxlength,metadataproperty,metaid,metapath,modifiedtime,modifier,position,proid,refcode,refname,relatemeta,required,resid,showformula,textrows,ts,validateformula,visible,width)
            values('0001ZZZZ730243a3b002','0001ZZZZc64d47378c29','1071b7b2-fb67-4a3c-922a-7fcb4b23ab26','name','1','#111111',null,'~',1,null, null,null,null,null,null,'N',0,null,'N','N','N',null,'N','N','N','input','name',28,NULL,'','name',null,'~',28,'2d5995ba-071b-4377-8f9d-3d1716d002c2','/common-ref/','-99',null,'N',null,null,null,'2020-11-10 09:14:04',null,'Y',null);
            go
            insert into pub_form_property(pk_form_property,areaid,classid,code,colnum,color,creationtime,creator,datatype,dataval,defaultvalue,defaultvar,define1,define2,define3,disabled,dr,editformula,hyperlinkflag,iscode,isdefined,ismultiselectedenabled,isnextrow,isrevise,istotal,itemtype,label,maxlength,metadataproperty,metaid,metapath,modifiedtime,modifier,position,proid,refcode,refname,relatemeta,required,resid,showformula,textrows,ts,validateformula,visible,width)
            values('0001ZZZZ730243a3b003','0001ZZZZc64d47378c29','1071b7b2-fb67-4a3c-922a-7fcb4b23ab26','busitype','1','#111111',null,'~',204,null, null,null,null,null,null,'N',0,null,'N','N','N',null,'N','N','N','refer','业务类型',28,'uap.BusitypeVO.businame','','busitype',null,'~',14,'8bcba5d0-59c4-440b-9067-4a8229011415','uap/refer/riart/busitype/index','业务流程',null,'N',null,null,null,'2020-11-10 09:14:04',null,'Y',null);
            go
            insert into pub_form_property(pk_form_property,areaid,classid,code,colnum,color,creationtime,creator,datatype,dataval,defaultvalue,defaultvar,define1,define2,define3,disabled,dr,editformula,hyperlinkflag,iscode,isdefined,ismultiselectedenabled,isnextrow,isrevise,istotal,itemtype,label,maxlength,metadataproperty,metaid,metapath,modifiedtime,modifier,position,proid,refcode,refname,relatemeta,required,resid,showformula,textrows,ts,validateformula,visible,width)
            values('0001ZZZZ730243a3b004','0001ZZZZc64d47378c29','1071b7b2-fb67-4a3c-922a-7fcb4b23ab26','pk_m','1','#111111',null,'~',1,null, null,null,null,null,null,'N',0,null,'N','N','N',null,'N','N','N','input','主键',28,NULL,'','pk_m',null,'~',1,'276970bc-ca63-4fc2-8f0e-586188b65138','/common-ref/','-99',null,'Y',null,null,null,'2020-11-10 09:14:04',null,'N',null);
            go
            insert into pub_form_property(pk_form_property,areaid,classid,code,colnum,color,creationtime,creator,datatype,dataval,defaultvalue,defaultvar,define1,define2,define3,disabled,dr,editformula,hyperlinkflag,iscode,isdefined,ismultiselectedenabled,isnextrow,isrevise,istotal,itemtype,label,maxlength,metadataproperty,metaid,metapath,modifiedtime,modifier,position,proid,refcode,refname,relatemeta,required,resid,showformula,textrows,ts,validateformula,visible,width)
            values('0001ZZZZ730243a3b005','0001ZZZZc64d47378c29','1071b7b2-fb67-4a3c-922a-7fcb4b23ab26','transtype','1','#111111',null,'~',204,null, null,null,null,null,null,'N',0,null,'N','N','N',null,'N','N','N','refer','交易类型',28,'riart.transtype.billtypename','','transtype',null,'~',20,'4d0c4bf8-ea3c-4904-9f93-e6ba25c23825','/common-ref/','交易类型',null,'N',null,null,null,'2020-11-10 09:14:04',null,'Y',null);
            go
            insert into pub_form_property(pk_form_property,areaid,classid,code,colnum,color,creationtime,creator,datatype,dataval,defaultvalue,defaultvar,define1,define2,define3,disabled,dr,editformula,hyperlinkflag,iscode,isdefined,ismultiselectedenabled,isnextrow,isrevise,istotal,itemtype,label,maxlength,metadataproperty,metaid,metapath,modifiedtime,modifier,position,proid,refcode,refname,relatemeta,required,resid,showformula,textrows,ts,validateformula,visible,width)
            values('0001ZZZZ730243a3b006','0001ZZZZc64d47378c29','1071b7b2-fb67-4a3c-922a-7fcb4b23ab26','transtypepk','1','#111111',null,'~',1,null, null,null,null,null,null,'N',0,null,'N','N','N',null,'N','N','N','input','交易类型pk',28,NULL,'','transtypepk',null,'~',22,'6ac2547f-efae-4034-8cee-ab41d7aa99fc','/common-ref/','-99',null,'Y',null,null,null,'2020-11-10 09:14:04',null,'Y',null);
            go
            insert into pub_form_property(pk_form_property,areaid,classid,code,colnum,color,creationtime,creator,datatype,dataval,defaultvalue,defaultvar,define1,define2,define3,disabled,dr,editformula,hyperlinkflag,iscode,isdefined,ismultiselectedenabled,isnextrow,isrevise,istotal,itemtype,label,maxlength,metadataproperty,metaid,metapath,modifiedtime,modifier,position,proid,refcode,refname,relatemeta,required,resid,showformula,textrows,ts,validateformula,visible,width)
            values('0001ZZZZ91a3ecb16cd4','0001ZZZZe9557d59bc4a','1071b7b2-fb67-4a3c-922a-7fcb4b23ab26','modifier','1','#111111',null,'~',204,null, null,null,null,null,null,'N',0,null,'N','N','N',null,'N','N','N','refer','修改人',28,'uap.user.user_name','','modifier',null,'~',9,'d3cd1fa7-224f-4014-ae58-481c809aa889','uap/refer/riart/userDefaultRefer/index','用户',null,'N',null,null,null,'2020-11-10 09:14:04',null,'Y',null);
            go
            insert into pub_form_property(pk_form_property,areaid,classid,code,colnum,color,creationtime,creator,datatype,dataval,defaultvalue,defaultvar,define1,define2,define3,disabled,dr,editformula,hyperlinkflag,iscode,isdefined,ismultiselectedenabled,isnextrow,isrevise,istotal,itemtype,label,maxlength,metadataproperty,metaid,metapath,modifiedtime,modifier,position,proid,refcode,refname,relatemeta,required,resid,showformula,textrows,ts,validateformula,visible,width)
            values('0001ZZZZd919c3b38be4','0001ZZZZe9557d59bc4a','1071b7b2-fb67-4a3c-922a-7fcb4b23ab26','modifiedtime','1','#111111',null,'~',34,null, null,null,null,null,null,'N',0,null,'N','N','N',null,'N','N','N','datetimepicker','修改时间',28,NULL,'','modifiedtime',null,'~',10,'3edd5fd2-b36b-4067-ab1b-11df97fdd16c','/common-ref/','-99',null,'N',null,null,null,'2020-11-10 09:14:04',null,'Y',null);
            go
            insert into pub_form_property(pk_form_property,areaid,classid,code,colnum,color,creationtime,creator,datatype,dataval,defaultvalue,defaultvar,define1,define2,define3,disabled,dr,editformula,hyperlinkflag,iscode,isdefined,ismultiselectedenabled,isnextrow,isrevise,istotal,itemtype,label,maxlength,metadataproperty,metaid,metapath,modifiedtime,modifier,position,proid,refcode,refname,relatemeta,required,resid,showformula,textrows,ts,validateformula,visible,width)
            values('0001ZZZZ730243a3b009','0001ZZZZc64d47378c29','1071b7b2-fb67-4a3c-922a-7fcb4b23ab26','emendenum','1','#111111',null,'~',4,null, null,null,null,null,null,'N',0,null,'N','N','N',null,'N','N','N','number','修订枚举',28,NULL,'','emendenum',null,'~',25,'ce62cadc-4bdd-4a52-bf10-fca3121689e2','/common-ref/','-99',null,'N',null,null,null,'2020-11-10 09:14:04',null,'Y',null);
            go
            insert into pub_form_property(pk_form_property,areaid,classid,code,colnum,color,creationtime,creator,datatype,dataval,defaultvalue,defaultvar,define1,define2,define3,disabled,dr,editformula,hyperlinkflag,iscode,isdefined,ismultiselectedenabled,isnextrow,isrevise,istotal,itemtype,label,maxlength,metadataproperty,metaid,metapath,modifiedtime,modifier,position,proid,refcode,refname,relatemeta,required,resid,showformula,textrows,ts,validateformula,visible,width)
            values('0001ZZZZaff244d2b80c','0001ZZZZe9557d59bc4a','1071b7b2-fb67-4a3c-922a-7fcb4b23ab26','creator','1','#111111',null,'~',204,null, null,null,null,null,null,'N',0,null,'N','N','N',null,'N','N','N','refer','创建人',28,'uap.user.user_name','','creator',null,'~',7,'1dac3882-ffaa-4f7f-b29f-27a4d060aeb9','uap/refer/riart/userDefaultRefer/index','用户',null,'N',null,null,null,'2020-11-10 09:14:04',null,'Y',null);
            go
            insert into pub_form_property(pk_form_property,areaid,classid,code,colnum,color,creationtime,creator,datatype,dataval,defaultvalue,defaultvar,define1,define2,define3,disabled,dr,editformula,hyperlinkflag,iscode,isdefined,ismultiselectedenabled,isnextrow,isrevise,istotal,itemtype,label,maxlength,metadataproperty,metaid,metapath,modifiedtime,modifier,position,proid,refcode,refname,relatemeta,required,resid,showformula,textrows,ts,validateformula,visible,width)
            values('0001ZZZZ471aca2ca430','0001ZZZZe9557d59bc4a','1071b7b2-fb67-4a3c-922a-7fcb4b23ab26','creationtime','1','#111111',null,'~',34,null, null,null,null,null,null,'N',0,null,'N','N','N',null,'N','N','N','datetimepicker','创建时间',28,NULL,'','creationtime',null,'~',8,'8370de0d-b444-422e-87cf-4df1ec929d2a','/common-ref/','-99',null,'N',null,null,null,'2020-11-10 09:14:04',null,'Y',null);
            go
            insert into pub_form_property(pk_form_property,areaid,classid,code,colnum,color,creationtime,creator,datatype,dataval,defaultvalue,defaultvar,define1,define2,define3,disabled,dr,editformula,hyperlinkflag,iscode,isdefined,ismultiselectedenabled,isnextrow,isrevise,istotal,itemtype,label,maxlength,metadataproperty,metaid,metapath,modifiedtime,modifier,position,proid,refcode,refname,relatemeta,required,resid,showformula,textrows,ts,validateformula,visible,width)
            values('0001ZZZZ730243a3b012','0001ZZZZc64d47378c29','1071b7b2-fb67-4a3c-922a-7fcb4b23ab26','billmaker','1','#111111',null,'~',1,null, null,null,null,null,null,'N',0,null,'N','N','N',null,'N','N','N','input','制单人',28,NULL,'','billmaker',null,'~',15,'68371212-cd5c-4e09-9302-bc42030a80a9','/common-ref/','-99',null,'N',null,null,null,'2020-11-10 09:14:04',null,'Y',null);
            go
            insert into pub_form_property(pk_form_property,areaid,classid,code,colnum,color,creationtime,creator,datatype,dataval,defaultvalue,defaultvar,define1,define2,define3,disabled,dr,editformula,hyperlinkflag,iscode,isdefined,ismultiselectedenabled,isnextrow,isrevise,istotal,itemtype,label,maxlength,metadataproperty,metaid,metapath,modifiedtime,modifier,position,proid,refcode,refname,relatemeta,required,resid,showformula,textrows,ts,validateformula,visible,width)
            values('0001ZZZZ730243a3b013','0001ZZZZc64d47378c29','1071b7b2-fb67-4a3c-922a-7fcb4b23ab26','maketime','1','#111111',null,'~',34,null, null,null,null,null,null,'N',0,null,'N','N','N',null,'N','N','N','datetimepicker','制单时间',28,NULL,'','maketime',null,'~',29,'84292199-1c54-4293-9868-722b892e4b91','/common-ref/','-99',null,'Y',null,null,null,'2020-11-10 09:14:04',null,'Y',null);
            go
            insert into pub_form_property(pk_form_property,areaid,classid,code,colnum,color,creationtime,creator,datatype,dataval,defaultvalue,defaultvar,define1,define2,define3,disabled,dr,editformula,hyperlinkflag,iscode,isdefined,ismultiselectedenabled,isnextrow,isrevise,istotal,itemtype,label,maxlength,metadataproperty,metaid,metapath,modifiedtime,modifier,position,proid,refcode,refname,relatemeta,required,resid,showformula,textrows,ts,validateformula,visible,width)
            values('0001ZZZZ730243a3b014','0001ZZZZc64d47378c29','1071b7b2-fb67-4a3c-922a-7fcb4b23ab26','billid','1','#111111',null,'~',1,null, null,null,null,null,null,'N',0,null,'N','N','N',null,'N','N','N','input','单据ID',28,NULL,'','billid',null,'~',11,'d0c9c895-c355-41b7-ac1c-f3d6eb0a1c03','/common-ref/','-99',null,'N',null,null,null,'2020-11-10 09:14:04',null,'Y',null);
            go
            insert into pub_form_property(pk_form_property,areaid,classid,code,colnum,color,creationtime,creator,datatype,dataval,defaultvalue,defaultvar,define1,define2,define3,disabled,dr,editformula,hyperlinkflag,iscode,isdefined,ismultiselectedenabled,isnextrow,isrevise,istotal,itemtype,label,maxlength,metadataproperty,metaid,metapath,modifiedtime,modifier,position,proid,refcode,refname,relatemeta,required,resid,showformula,textrows,ts,validateformula,visible,width)
            values('0001ZZZZ730243a3b015','0001ZZZZc64d47378c29','1071b7b2-fb67-4a3c-922a-7fcb4b23ab26','billno','1','#111111',null,'~',1,null, null,null,null,null,null,'N',0,null,'N','N','N',null,'N','N','N','input','单据号',28,NULL,'','billno',null,'~',12,'9891515c-1156-4812-85c6-40ebc497b01c','/common-ref/','-99',null,'N',null,null,null,'2020-11-10 09:14:04',null,'Y',null);
            go
            insert into pub_form_property(pk_form_property,areaid,classid,code,colnum,color,creationtime,creator,datatype,dataval,defaultvalue,defaultvar,define1,define2,define3,disabled,dr,editformula,hyperlinkflag,iscode,isdefined,ismultiselectedenabled,isnextrow,isrevise,istotal,itemtype,label,maxlength,metadataproperty,metaid,metapath,modifiedtime,modifier,position,proid,refcode,refname,relatemeta,required,resid,showformula,textrows,ts,validateformula,visible,width)
            values('0001ZZZZ730243a3b016','0001ZZZZc64d47378c29','1071b7b2-fb67-4a3c-922a-7fcb4b23ab26','billversionpk','1','#111111',null,'~',1,null, null,null,null,null,null,'N',0,null,'N','N','N',null,'N','N','N','input','单据版本pk',28,NULL,'','billversionpk',null,'~',26,'da767c88-c9ab-4aab-9a96-7d503d2fc72f','/common-ref/','-99',null,'N',null,null,null,'2020-11-10 09:14:04',null,'Y',null);
            go
            insert into pub_form_property(pk_form_property,areaid,classid,code,colnum,color,creationtime,creator,datatype,dataval,defaultvalue,defaultvar,define1,define2,define3,disabled,dr,editformula,hyperlinkflag,iscode,isdefined,ismultiselectedenabled,isnextrow,isrevise,istotal,itemtype,label,maxlength,metadataproperty,metaid,metapath,modifiedtime,modifier,position,proid,refcode,refname,relatemeta,required,resid,showformula,textrows,ts,validateformula,visible,width)
            values('0001ZZZZ730243a3b017','0001ZZZZc64d47378c29','1071b7b2-fb67-4a3c-922a-7fcb4b23ab26','billtype','1','#111111',null,'~',204,null, null,null,null,null,null,'N',0,null,'N','N','N',null,'N','N','N','refer','单据类型',28,'uap.BilltypeVO.billtypename','','billtype',null,'~',21,'df66ca68-5e6e-4dec-8742-374d13893a15','uap/refer/riart/billtype/index','影响因素单据类型',null,'N',null,null,null,'2020-11-10 09:14:04',null,'Y',null);
            go
            insert into pub_form_property(pk_form_property,areaid,classid,code,colnum,color,creationtime,creator,datatype,dataval,defaultvalue,defaultvar,define1,define2,define3,disabled,dr,editformula,hyperlinkflag,iscode,isdefined,ismultiselectedenabled,isnextrow,isrevise,istotal,itemtype,label,maxlength,metadataproperty,metaid,metapath,modifiedtime,modifier,position,proid,refcode,refname,relatemeta,required,resid,showformula,textrows,ts,validateformula,visible,width)
            values('0001ZZZZbd13428bd066','0001ZZZZe9557d59bc4a','1071b7b2-fb67-4a3c-922a-7fcb4b23ab26','approver','1','#111111',null,'~',1,null, null,null,null,null,null,'N',0,null,'N','N','N',null,'N','N','N','input','审批人',28,NULL,'','approver',null,'~',16,'747c2157-c955-49fb-b62d-e359caa8a4ed','/common-ref/','-99',null,'N',null,null,null,'2020-11-10 09:14:04',null,'Y',null);
            go
            insert into pub_form_property(pk_form_property,areaid,classid,code,colnum,color,creationtime,creator,datatype,dataval,defaultvalue,defaultvar,define1,define2,define3,disabled,dr,editformula,hyperlinkflag,iscode,isdefined,ismultiselectedenabled,isnextrow,isrevise,istotal,itemtype,label,maxlength,metadataproperty,metaid,metapath,modifiedtime,modifier,position,proid,refcode,refname,relatemeta,required,resid,showformula,textrows,ts,validateformula,visible,width)
            values('0001ZZZZe57082a4e8f0','0001ZZZZe9557d59bc4a','1071b7b2-fb67-4a3c-922a-7fcb4b23ab26','approvenote','1','#111111',null,'~',1,null, null,null,null,null,null,'N',0,null,'N','N','N',null,'N','N','N','input','审批批语',28,NULL,'','approvenote',null,'~',18,'e626d046-b51c-4cbc-9861-c408aa415279','/common-ref/','-99',null,'N',null,null,null,'2020-11-10 09:14:04',null,'Y',null);
            go
            insert into pub_form_property(pk_form_property,areaid,classid,code,colnum,color,creationtime,creator,datatype,dataval,defaultvalue,defaultvar,define1,define2,define3,disabled,dr,editformula,hyperlinkflag,iscode,isdefined,ismultiselectedenabled,isnextrow,isrevise,istotal,itemtype,label,maxlength,metadataproperty,metaid,metapath,modifiedtime,modifier,position,proid,refcode,refname,relatemeta,required,resid,showformula,textrows,ts,validateformula,visible,width)
            values('0001ZZZZ6f090f08eaf6','0001ZZZZe9557d59bc4a','1071b7b2-fb67-4a3c-922a-7fcb4b23ab26','approvedate','1','#111111',null,'~',34,null, null,null,null,null,null,'N',0,null,'N','N','N',null,'N','N','N','datetimepicker','审批时间',28,NULL,'','approvedate',null,'~',19,'a3cd9255-33dc-4df6-a350-2964195adf1c','/common-ref/','-99',null,'N',null,null,null,'2020-11-10 09:14:04',null,'Y',null);
            go
            insert into pub_form_property(pk_form_property,areaid,classid,code,colnum,color,creationtime,creator,datatype,dataval,defaultvalue,defaultvar,define1,define2,define3,disabled,dr,editformula,hyperlinkflag,iscode,isdefined,ismultiselectedenabled,isnextrow,isrevise,istotal,itemtype,label,maxlength,metadataproperty,metaid,metapath,modifiedtime,modifier,position,proid,refcode,refname,relatemeta,required,resid,showformula,textrows,ts,validateformula,visible,width)
            values('0001ZZZZ730243a3b021','0001ZZZZc64d47378c29','1071b7b2-fb67-4a3c-922a-7fcb4b23ab26','approvestatus','1','#111111',null,'~',203,'自由=-1,审批未通过=0,审批通过=1,审批进行中=2,提交=3', null,null,null,null,null,'N',0,null,'N','N','N',null,'N','N','N','select','审批状态',28,NULL,'','approvestatus',null,'~',17,'e238a89e-898a-4ee6-b931-2da7abc8c428','/common-ref/','-99',null,'N',null,null,null,'2020-11-10 09:14:04',null,'Y',null);
            go
            insert into pub_form_property(pk_form_property,areaid,classid,code,colnum,color,creationtime,creator,datatype,dataval,defaultvalue,defaultvar,define1,define2,define3,disabled,dr,editformula,hyperlinkflag,iscode,isdefined,ismultiselectedenabled,isnextrow,isrevise,istotal,itemtype,label,maxlength,metadataproperty,metaid,metapath,modifiedtime,modifier,position,proid,refcode,refname,relatemeta,required,resid,showformula,textrows,ts,validateformula,visible,width)
            values('0001ZZZZ730243a3b022','0001ZZZZc64d47378c29','1071b7b2-fb67-4a3c-922a-7fcb4b23ab26','pkorg','1','#111111',null,'~',1,null, null,null,null,null,null,'N',0,null,'N','N','N',null,'N','N','N','input','所属组织',28,NULL,'','pkorg',null,'~',13,'ddc00c15-77de-42ed-9c95-6e651f5c8afa','/common-ref/','-99',null,'N',null,null,null,'2020-11-10 09:14:04',null,'Y',null);
            go
            insert into pub_form_property(pk_form_property,areaid,classid,code,colnum,color,creationtime,creator,datatype,dataval,defaultvalue,defaultvar,define1,define2,define3,disabled,dr,editformula,hyperlinkflag,iscode,isdefined,ismultiselectedenabled,isnextrow,isrevise,istotal,itemtype,label,maxlength,metadataproperty,metaid,metapath,modifiedtime,modifier,position,proid,refcode,refname,relatemeta,required,resid,showformula,textrows,ts,validateformula,visible,width)
            values('0001ZZZZ730243a3b023','0001ZZZZc64d47378c29','1071b7b2-fb67-4a3c-922a-7fcb4b23ab26','lastmaketime','1','#111111',null,'~',34,null, null,null,null,null,null,'N',0,null,'N','N','N',null,'N','N','N','datetimepicker','最后修改时间',28,NULL,'','lastmaketime',null,'~',30,'ca3b239d-bed1-423a-9936-24d168bd2b6d','/common-ref/','-99',null,'N',null,null,null,'2020-11-10 09:14:04',null,'Y',null);
            go
            insert into pub_form_property(pk_form_property,areaid,classid,code,colnum,color,creationtime,creator,datatype,dataval,defaultvalue,defaultvar,define1,define2,define3,disabled,dr,editformula,hyperlinkflag,iscode,isdefined,ismultiselectedenabled,isnextrow,isrevise,istotal,itemtype,label,maxlength,metadataproperty,metaid,metapath,modifiedtime,modifier,position,proid,refcode,refname,relatemeta,required,resid,showformula,textrows,ts,validateformula,visible,width)
            values('0001ZZZZ730243a3b024','0001ZZZZc64d47378c29','1071b7b2-fb67-4a3c-922a-7fcb4b23ab26','srcbillid','1','#111111',null,'~',1,null, null,null,null,null,null,'N',0,null,'N','N','N',null,'N','N','N','input','来源单据id',28,NULL,'','srcbillid',null,'~',24,'153b4d96-9010-40ec-a3d9-1f6e7cbb4254','/common-ref/','-99',null,'N',null,null,null,'2020-11-10 09:14:04',null,'Y',null);
            go
            insert into pub_form_property(pk_form_property,areaid,classid,code,colnum,color,creationtime,creator,datatype,dataval,defaultvalue,defaultvar,define1,define2,define3,disabled,dr,editformula,hyperlinkflag,iscode,isdefined,ismultiselectedenabled,isnextrow,isrevise,istotal,itemtype,label,maxlength,metadataproperty,metaid,metapath,modifiedtime,modifier,position,proid,refcode,refname,relatemeta,required,resid,showformula,textrows,ts,validateformula,visible,width)
            values('0001ZZZZ730243a3b025','0001ZZZZc64d47378c29','1071b7b2-fb67-4a3c-922a-7fcb4b23ab26','srcbilltype','1','#111111',null,'~',1,null, null,null,null,null,null,'N',0,null,'N','N','N',null,'N','N','N','input','来源单据类型',28,NULL,'','srcbilltype',null,'~',23,'94836c84-3cb4-40a8-99d8-b2869f5c4d91','/common-ref/','-99',null,'N',null,null,null,'2020-11-10 09:14:04',null,'Y',null);
            go
            insert into pub_form_property(pk_form_property,areaid,classid,code,colnum,color,creationtime,creator,datatype,dataval,defaultvalue,defaultvar,define1,define2,define3,disabled,dr,editformula,hyperlinkflag,iscode,isdefined,ismultiselectedenabled,isnextrow,isrevise,istotal,itemtype,label,maxlength,metadataproperty,metaid,metapath,modifiedtime,modifier,position,proid,refcode,refname,relatemeta,required,resid,showformula,textrows,ts,validateformula,visible,width)
            values('0001ZZZZ730243a3b026','0001ZZZZc64d47378c29','1071b7b2-fb67-4a3c-922a-7fcb4b23ab26','pk_org','1','#111111',null,'~',204,null, null,null,null,null,null,'N',0,null,'N','N','N',null,'N','N','N','refer','组织',28,'uap.org.name','','pk_org',null,'~',5,'f054026a-6ac0-40b5-8472-b7998b299ab8','uapbd/refer/org/OrgAndOrgTypeCompositeOnlyEnableDataTreeRef/index','组织类型分类的组织单元',null,'N',null,null,null,'2020-11-10 09:14:04',null,'Y',null);
            go
            insert into pub_form_property(pk_form_property,areaid,classid,code,colnum,color,creationtime,creator,datatype,dataval,defaultvalue,defaultvar,define1,define2,define3,disabled,dr,editformula,hyperlinkflag,iscode,isdefined,ismultiselectedenabled,isnextrow,isrevise,istotal,itemtype,label,maxlength,metadataproperty,metaid,metapath,modifiedtime,modifier,position,proid,refcode,refname,relatemeta,required,resid,showformula,textrows,ts,validateformula,visible,width)
            values('0001ZZZZ730243a3b027','0001ZZZZc64d47378c29','1071b7b2-fb67-4a3c-922a-7fcb4b23ab26','pk_org_v','1','#111111',null,'~',204,null, null,null,null,null,null,'N',0,null,'N','N','N',null,'N','N','N','refer','组织版本',28,'uap.org_v.name','','pk_org_v',null,'~',6,'5262cd0a-2858-4f2c-a4f2-37571e5df66a','uapbd/refer/orgv/BusinessUnitVersionDefaultAllTreeRef/index','业务单元版本(所有)',null,'N',null,null,null,'2020-11-10 09:14:04',null,'N',null);
            go
            insert into pub_form_property(pk_form_property,areaid,classid,code,colnum,color,creationtime,creator,datatype,dataval,defaultvalue,defaultvar,define1,define2,define3,disabled,dr,editformula,hyperlinkflag,iscode,isdefined,ismultiselectedenabled,isnextrow,isrevise,istotal,itemtype,label,maxlength,metadataproperty,metaid,metapath,modifiedtime,modifier,position,proid,refcode,refname,relatemeta,required,resid,showformula,textrows,ts,validateformula,visible,width)
            values('0001ZZZZ730243a3b028','0001ZZZZc64d47378c29','1071b7b2-fb67-4a3c-922a-7fcb4b23ab26','code','1','#111111',null,'~',1,null, null,null,null,null,null,'N',0,null,'N','N','N',null,'N','N','N','input','编码',28,NULL,'','code',null,'~',2,'02676e8e-0b6f-4329-97d2-e24506545790','/common-ref/','-99',null,'N',null,null,null,'2020-11-10 09:14:04',null,'Y',null);
            go
            insert into pub_form_property(pk_form_property,areaid,classid,code,colnum,color,creationtime,creator,datatype,dataval,defaultvalue,defaultvar,define1,define2,define3,disabled,dr,editformula,hyperlinkflag,iscode,isdefined,ismultiselectedenabled,isnextrow,isrevise,istotal,itemtype,label,maxlength,metadataproperty,metaid,metapath,modifiedtime,modifier,position,proid,refcode,refname,relatemeta,required,resid,showformula,textrows,ts,validateformula,visible,width)
            values('0001ZZZZ730243a3b029','0001ZZZZc64d47378c29','1071b7b2-fb67-4a3c-922a-7fcb4b23ab26','rowno','1','#111111',null,'~',1,null, null,null,null,null,null,'N',0,null,'N','N','N',null,'N','N','N','input','行号',28,NULL,'','rowno',null,'~',31,'0eddcd64-0b5c-4571-98f6-af98c65e9c4f','/common-ref/','-99',null,'N',null,null,null,'2020-11-10 09:14:04',null,'Y',null);
            go
            insert into pub_form_property(pk_form_property,areaid,classid,code,colnum,color,creationtime,creator,datatype,dataval,defaultvalue,defaultvar,define1,define2,define3,disabled,dr,editformula,hyperlinkflag,iscode,isdefined,ismultiselectedenabled,isnextrow,isrevise,istotal,itemtype,label,maxlength,metadataproperty,metaid,metapath,modifiedtime,modifier,position,proid,refcode,refname,relatemeta,required,resid,showformula,textrows,ts,validateformula,visible,width)
            values('0001ZZZZ730243a3b030','0001ZZZZc64d47378c29','1071b7b2-fb67-4a3c-922a-7fcb4b23ab26','pk_group','1','#111111',null,'~',204,null, null,null,null,null,null,'N',0,null,'N','N','N',null,'N','N','N','refer','集团',28,'uap.group.name','','pk_group',null,'~',4,'1e0a9d0a-14fb-4b85-bcac-80c109b7d839','uap/refer/riart/groupTreeRef/index','集团',null,'Y',null,null,null,'2020-11-10 09:14:04',null,'Y',null);
            go




            insert into pub_form_property(pk_form_property,areaid,classid,code,colnum,color,creationtime,creator,datatype,dataval,defaultvalue,defaultvar,define1,define2,define3,disabled,dr,editformula,hyperlinkflag,iscode,isdefined,ismultiselectedenabled,isnextrow,isrevise,istotal,itemtype,label,maxlength,metadataproperty,metaid,metapath,modifiedtime,modifier,position,proid,refcode,refname,relatemeta,required,resid,showformula,textrows,ts,validateformula,visible,width)
            values('0001ZZZZ98e50c78f001','0001ZZZZ1b0e9934b2b3','3c61705c-3b9e-4e53-8cd9-f3ee7fcbfe43','amount','1','#111111',null,'~',52,null, null,null,null,null,null,'N',0,null,'N','N','N',null,'N','N','N','number','总金额',28,NULL,'','id_subentity.amount',null,'~',2,'cd42dd42-34ee-430a-a6a0-346c1aedd976',null,null,null,'N',null,null,null,'2020-11-10 09:14:04',null,'Y',null);
            go

            insert into pub_form_property(pk_form_property,areaid,classid,code,colnum,color,creationtime,creator,datatype,dataval,defaultvalue,defaultvar,define1,define2,define3,disabled,dr,editformula,hyperlinkflag,iscode,isdefined,ismultiselectedenabled,isnextrow,isrevise,istotal,itemtype,label,maxlength,metadataproperty,metaid,metapath,modifiedtime,modifier,position,proid,refcode,refname,relatemeta,required,resid,showformula,textrows,ts,validateformula,visible,width)
            values('0001ZZZZ314703427001','0001ZZZZ2376bff207ee','3c61705c-3b9e-4e53-8cd9-f3ee7fcbfe43','amount','1','#111111',null,'~',52,null, null,null,null,null,null,'N',0,null,'N','N','N',null,'N','N','N','number','总金额',28,NULL,'','id_subentity.amount',null,'~',2,'f2d39944-3363-42a3-ad96-07f5d8206f6f',null,null,null,'N',null,null,null,'2020-11-10 09:14:04',null,'Y',null);
            go

            insert into pub_form_property(pk_form_property,areaid,classid,code,colnum,color,creationtime,creator,datatype,dataval,defaultvalue,defaultvar,define1,define2,define3,disabled,dr,editformula,hyperlinkflag,iscode,isdefined,ismultiselectedenabled,isnextrow,isrevise,istotal,itemtype,label,maxlength,metadataproperty,metaid,metapath,modifiedtime,modifier,position,proid,refcode,refname,relatemeta,required,resid,showformula,textrows,ts,validateformula,visible,width)
            values('0001ZZZZffe5737ab001','0001ZZZZ8d02d29ad76b','3c61705c-3b9e-4e53-8cd9-f3ee7fcbfe43','amount','1','#111111',null,'~',52,null, null,null,null,null,null,'N',0,null,'N','N','N',null,'N','N','N','number','总金额',28,NULL,'','id_subentity.amount',null,'~',2,'2eb131dd-3279-4b4e-8ee9-0f718acafc1a',null,null,null,'N',null,null,null,'2020-11-10 09:14:04',null,'Y',null);
            go
